-- MariaDB dump 10.19  Distrib 10.4.24-MariaDB, for Linux (x86_64)
--
-- Host: localhost    Database: UTM
-- ------------------------------------------------------
-- Server version	10.4.24-MariaDB

/*!40101 SET @OLD_CHARACTER_SET_CLIENT=@@CHARACTER_SET_CLIENT */;
/*!40101 SET @OLD_CHARACTER_SET_RESULTS=@@CHARACTER_SET_RESULTS */;
/*!40101 SET @OLD_COLLATION_CONNECTION=@@COLLATION_CONNECTION */;
/*!40101 SET NAMES utf8mb4 */;
/*!40103 SET @OLD_TIME_ZONE=@@TIME_ZONE */;
/*!40103 SET TIME_ZONE='+00:00' */;
/*!40014 SET @OLD_UNIQUE_CHECKS=@@UNIQUE_CHECKS, UNIQUE_CHECKS=0 */;
/*!40014 SET @OLD_FOREIGN_KEY_CHECKS=@@FOREIGN_KEY_CHECKS, FOREIGN_KEY_CHECKS=0 */;
/*!40101 SET @OLD_SQL_MODE=@@SQL_MODE, SQL_MODE='NO_AUTO_VALUE_ON_ZERO' */;
/*!40111 SET @OLD_SQL_NOTES=@@SQL_NOTES, SQL_NOTES=0 */;

--
-- Table structure for table `archivoYArticulo`
--

DROP TABLE IF EXISTS `archivoYArticulo`;
/*!40101 SET @saved_cs_client     = @@character_set_client */;
/*!40101 SET character_set_client = utf8 */;
CREATE TABLE `archivoYArticulo` (
  `idArchivoYArticulo` bigint(20) NOT NULL AUTO_INCREMENT,
  `idArticulo` bigint(20) NOT NULL,
  `icono` text NOT NULL,
  `extencion` text NOT NULL,
  PRIMARY KEY (`idArchivoYArticulo`)
) ENGINE=InnoDB DEFAULT CHARSET=utf8mb4;
/*!40101 SET character_set_client = @saved_cs_client */;

--
-- Dumping data for table `archivoYArticulo`
--

LOCK TABLES `archivoYArticulo` WRITE;
/*!40000 ALTER TABLE `archivoYArticulo` DISABLE KEYS */;
/*!40000 ALTER TABLE `archivoYArticulo` ENABLE KEYS */;
UNLOCK TABLES;

--
-- Table structure for table `articulo`
--

DROP TABLE IF EXISTS `articulo`;
/*!40101 SET @saved_cs_client     = @@character_set_client */;
/*!40101 SET character_set_client = utf8 */;
CREATE TABLE `articulo` (
  `idArticulo` bigint(20) NOT NULL AUTO_INCREMENT,
  `tipCLR` text COLLATE utf8_unicode_ci NOT NULL,
  `titulo` text COLLATE utf8_unicode_ci NOT NULL,
  `nombreCLR` text COLLATE utf8_unicode_ci NOT NULL,
  `estado` text COLLATE utf8_unicode_ci NOT NULL,
  `fechaEdicion` text COLLATE utf8_unicode_ci NOT NULL,
  `tipoNI` text COLLATE utf8_unicode_ci NOT NULL,
  `issnisbn` text COLLATE utf8_unicode_ci NOT NULL,
  `volumen` text COLLATE utf8_unicode_ci NOT NULL,
  `paginas` text COLLATE utf8_unicode_ci NOT NULL,
  `anyo` text COLLATE utf8_unicode_ci NOT NULL,
  `doi` text COLLATE utf8_unicode_ci NOT NULL,
  `comprobante` text COLLATE utf8_unicode_ci NOT NULL,
  `indexa` text COLLATE utf8_unicode_ci NOT NULL,
  `issue` text COLLATE utf8_unicode_ci NOT NULL,
  `editores` text COLLATE utf8_unicode_ci NOT NULL,
  `cuidad` text COLLATE utf8_unicode_ci NOT NULL,
  `pais` text COLLATE utf8_unicode_ci NOT NULL,
  `editorial` text COLLATE utf8_unicode_ci NOT NULL,
  PRIMARY KEY (`idArticulo`)
) ENGINE=InnoDB AUTO_INCREMENT=341 DEFAULT CHARSET=utf8 COLLATE=utf8_unicode_ci;
/*!40101 SET character_set_client = @saved_cs_client */;

--
-- Dumping data for table `articulo`
--

LOCK TABLES `articulo` WRITE;
/*!40000 ALTER TABLE `articulo` DISABLE KEYS */;
INSERT INTO `articulo` VALUES (1,'revista','programacion','revista computacion','publicado','2022-01-25','nacional','Abc001','3','5-8','2022','http://programacion.com','','1','','tres hermanos','oaxaca','mexico','patito'),(2,'','diseño grafico','','','','','','','','','','','','','','','',''),(3,'','arquitectura de computadora','','','','','','','','','','','','','','','',''),(4,'','el lado obscuro de la programacion','','','','','','','','','','','','','','','',''),(5,'','compiladores','','','','','','','','','','','','','','','',''),(6,'','Por que los alumnos no hacen tarea','','','','','','','','','','','','','','','',''),(7,'','Dispositivos inteligentes','','','','','','','','','','','','','','','',''),(8,'','Redes WIFI','','','','','','','','','','','','','','','',''),(9,'','Hábitos Alimenticios ','','','','','','','','','','','','','','','',''),(10,'','Videojuegos Buenos o Malos','','','','','','','','','','','','','','','',''),(11,'','La Mejor Cerveza en México','','','','','','','','','','','','','','','',''),(12,'','Por que todos deberíamos de pasar la materia','','','','','','','','','','','','','','','',''),(13,'','Coca-Cola o Pepsi','','','','','','','','','','','','','','','',''),(14,'','Inteligencia Artificial','','','','','','','','','','','','','','','',''),(15,'','Anime','','','','','','','','','','','','','','','',''),(16,'revista','La resiliencia','revista Lecturas','publicado','2022-01-25','nacional','ccc001','2','5-55','2022','http://lecturas.com','','1','','Oaxapens','oaxaca','mexico','Calamus'),(17,'Libro','El libro negro del programador','El libro negro del programador','Publicado','2004-01-25','Internacional','978-1496153357','1','150','2004','https://underpost.net/ir/pdf/cy3/el-libro-negro-del-programador.pdf','','2','','Samuel','Francisco Soria','Estados Unidos','Titivillus'),(18,'revista','Lagrimas','revista Lecturas','publicado','2022-01-10','nacional','cac001','1','1-10','2022','http://lecturas.com','','1','','Oaxapens','oaxaca','mexico','Calamus'),(19,'Novela','ESO','revista Lecturas','publicado','2021-01-10','nacional','cbc001','1','10-100','2022','http://lecturas.com','','1','','Oaxapens','Oaxaca','mexico','Calamus'),(20,'Novela','Perdida en el tiempo','Novelas Lecturas','publicado','2021-02-10','nacional','cdc001','2','10-100','2021','http://Spanish.com','','1','','Oaxapens','Madrid','España','Calamus'),(21,'Novela','mi vida feliz','Novelas Lecturas','publicado','2021-02-11','Internacional','cec001','2','22-100','2021','http://Spanish.com','','1','','Oaxapens','Madrid','España','Calamus'),(22,'Libro','El lenguaje de programación C','El lenguaje de programación','Publicado','2014-01-25','Internacional','978-1456853357','1','350','2014','https://www.lectulandia.rocks/book/el-lenguaje-de-programacion-c/','','7','','Samuel','Oaxaca','México','Titivillus'),(23,'Novela','Lo Siniestro','Novelas Lecturas','publicado','2011-02-11','Internacional','cfc001','1','22-100','2011','http://Spanish.com','','1','','Oaxapens','Madrid','España','Calamus'),(24,'Libro','Programación en Internet: Clientes Web','Programación en Internet: Clientes Web','Publicado','2002-01-25','Internacional','978-1246873357','1','310','2002','https://www.lectulandia.rocks/book/programacion-en-internet-clientes-web/','','2','','Samuel','Oaxaca','México','Titivillus'),(25,'Libro','El jardin Secreto','Libros Lecturas','publicado','2011-02-11','Nacional','cgc001','1','22-155','2011','http://LecturasMexico.com','','1','','Oaxapens','Puebla','Mexico','Calamus'),(26,'Novela','Volver a vivir','Libros Lecturas','publicado','2001-02-11','Nacional','chc001','1','22-155','2001','http://LecturasMexico.com','','1','','Oaxapens','Puebla','Mexico','Calamus'),(27,'Libro','Python para todos','Python para todos','Publicado','2021-10-24','Nacional','948-1246852357','3','454','2021','https://www.lectulandia.rocks/book/python-para-todos/','','2','','Samuel','Oaxaca','México','Titivillus'),(28,'Libro','Baila','Lecturas Nacional','publicado','2001-02-11','Nacional','cic001','1','22-155','2001','http://LecturasMexico.com','','1','','Oaxapens','Chiapas','Mexico','Calamus'),(29,'Novela','Dime Quien Soy','Lecturas Nacional','publicado','2001-11-11','Nacional','cjc001','1','100-155','2001','http://LecturasMexico.com','','1','','Oaxapens','Chiapas','Mexico','Calamus'),(30,'Ensayo',':(){ :|:& };: Internet, Hackers y Software Libre',':(){ :|:& };: Internet, Hackers y Software Libre','Publicado','2021-10-24','Nacional','948-1246852357','3','454','2021','https://www.lectulandia.rocks/book/internet-hackers-y-software-libre-2/','','2','','Samuel','Oaxaca','México','Titivillus'),(31,'Libro','Aprenda a pensar como un programador en Python','Aprenda a pensar como un programador en Python','Publicado','2019-10-07','Internacional','948-1246852357','2','247','2019','https://www.lectulandia.rocks/book/aprenda-a-pensar-como-un-programador-en-python/','','4','','Samuel','Madrid','España','Titivillus'),(32,'Revista','El negro más oscuro del mundo','El color negro más oscuro','Aprobado','2021-10-06','I','123456789','1','100','2021','23','fiscal xd','121212','nada','Fulanito','Oaxaca','Mexico','Fulanitos'),(33,'Libro','La pantalla más grande del mundo','La pantallota','publicado','2021-10-06','3','987654321','2','123','2021','fgdfgd','34534534','67567','nada','Mis hermanos','Mexico','Mexico','Fulanitos'),(34,'Libro','Programación dinamica','Los beneficios de la programación dinámica','Revisión','2021-10-06','456456','039485309485','1','90','2021','dfgert','ejecutivo','l2k3j4','09g8d0f98g','Alonsitos','Chiapas','Mexico','Fulanitos'),(35,'Articulo','Programación web','La importancia de la programación web','publicado','2020-06-10','asdfwert23','ert345fd','2','50','2020','sdf234fgh','dfgdfg567567','fghfgh45345','7698jkdf','Juanitos','mexico','mexico','Estrellita'),(36,'Articulo','Inteligencia artificial','La inteligencia artificial','publicado','2020-06-10','asldkjf9087','asdfasdfq2341234','1','200','2020','lkjlkjmnbmnb','2','asdfasduyu7878','ls9284jhf','Local','mexico','México','Estrellita'),(37,'revista','Programación Modular','La programación modular','Revisión','2020-06-10','sdfsdf234234','sdfgsdf456456','2','399','2020','dfgdtuy678','sdfgwert3w456','fedghe56756','fghjr678678','Tupperware','Oaxaca','México','Estrellita'),(38,'Publicación','Programacion estructurada','La programación estructurada','Publicado','2020-06-10','asdkjflkj234','dsfg3456','3','400','2020','sldfjskcxm,nvb4','sdf34ggfh','asdf234dfvgb3','203984sodi','Asus','Oaxaca','México','Glorious'),(39,'Libro','Programación cuantica','La programación cuantica','Publicado','2020-06-10','sadfkjlkj234','sdfge345df','2','1231','2020','kfkvmnid478','fiscal','sdlkfj029834','dfgh3456','Ryzen','Sonora','México','Glorious'),(40,'Articulo','Algoritmos de ordenamiento','Los algoritmos de ordenamiento más poderosos','publicado','2019-10-10','sdfsdf345fgh','fgh456df','erfg356t3rg','300','2019','dfg345','bueno','sdf098sdfgs','kjdfslñkdfsier09834','intel','Oaxaca','México','Glorious'),(41,'Revista','Los algoritmos de minado','Algoritmos de minado','revisión','2019-10-10','sdf234hg','dfgedfg345g354g3','2','900','2019','lsdfjg029843','bueno','sdfsdffthfgh','sdflkdododo','Ryzen','Oaxaca','México','Glorious'),(42,'Articulo','Como hacer jotkeis con modelos matematicos','jotkeis','Publicado','2022-01-27','Local','que rayos es esto','3','100','2022','jotkeis.com','si pofabo','1','','los chefs','huajuaponk','Mexico','los mejores jotkeis'),(43,'revista','502-A ¿el grupo mas pikudo de utm?','revcomp','publicado','2022-01-01','internacional','','1','3145','2022','','','2','','502 obvio','huajuapan','Mexico','502 industries'),(44,'libro de terror','5° semestre, el asesino de alumnos','libro sociales','publicado','2022-01-13','local','','1','14','2022','','','3','','1 2 3 4 ','oaxaca','mexico','los fusilados\r\n'),(45,'novela','la mejor novela del mundo','novela','publicado','2020-01-01','internacional','','3','400','2020','','','4','','1 3','wuhan','china','cobicho'),(46,'cuento','ya fue mucho 5° semestre','cuento','publicado','2018-01-01','nacional','','1','25','2018','','','5','','5 8 13 4','patzcuaro','mexico','La michoacana'),(47,'poemario','pensamientos snifianos','poemas','cancelado','2015-01-01','local','','1','30','2015','','','6','','10 14 6','CDMX','mexico','Chilangos'),(48,'articulo','estres en los estudiantes de la utm','articulo sociales','publicado','2022-01-01','local','','10','40','2022','','','7','','22 24 25 26 1 ','Huajolotejas','mexico','UTM'),(49,'ensayo','porque no tenemos que cortarnos el pelo','ensayo computacion','publicado','2022-01-01','local','','1','3','2022','','','8','','25 26','hujuapan','mexico','Rugal el basadote'),(50,'revista','revista para chabos','revista empresariales','publicado','2021-12-01','local','','3','46','2021','','','9','','18 20','huajuapan','mexico','chabiza'),(51,'articulo','porque diego pierde en showdown','articulo computacion','publicado','2020-01-01','nacional','','3','10','2020','','','10','','5 6 7 8 9 10','huajuapan','mexico','Analiticas'),(62,'Revista','Piezien, energía renovable ','Conacyt Informa','Publicado','2019-05-25','Nacional','cfc180','10','25','2019','http://conacytinforma.com','Fiscal','2','3','IPI ','Juchitán de Zaragoza','México','Cadmus'),(63,'Revista ','Mutación ¿Mito o realidad?','Mysterius ','Publicado','2007-12-23','Internacional','978-12468839102','1','234','2007','http://MXML.com','Fiscal','8','10','Oaxapens','Huajuapan de León','México','Tirant Lo Blanch'),(64,'Revista','¿Hackeo o Crackeo? ','¿Hackeo o Crackeo? ','Publicado','2018-07-17','Internacional','cgc002','1','389','2018','http://TirantLoBlanch.com','Fiscal','2','1','Jojo','Jalisco','México','Tirant Lo Blanch'),(65,'Revista','El futuro de los microprocesadores','Arquitectura de procesadores ','Publicado','2003-08-01','Internacional','cam001','8','2678','2001','http://TirantLoBlanch.com','Fiscal','4','4','Moi Muños','Huajuapan de León','México','Tirant Lo Blanch'),(66,'Libro','Jojolion','Lecturas Nacional','Publicado','2020-01-01','Nacional','clc001','1','267','2011','http://LecturasMexico.com','Fiscal','2','1','Hideki Anno','Toluca','México','Jojobro'),(67,'Libro','Stell Ball Run','Lecturas Nacional','Publicado','2008-04-17','Internacional','clm201','10','478','2007','http://LecturasMexico.com','Fiscal','4','10','Hideaki Anno','Toluca','México','Jojobro'),(68,'Libro','Crazy Diamond Demonic Heartbreak','Lecturas Nacional','Publicado','2022-01-22','Internacional','chf001','1','40','2021','http://LecturasMexico.com','','1','2','Hideaki Anno','Oaxaca','México','JojoBro'),(69,'Revista','The Ultimate Design','What\'s up Science?','Publicado','2019-12-22','Nacional','ANO8291','6','1829','2019','http://TirantLoBlanch.com','Fiscal','3','5','Juan Zendejas','Oaxaca','México','Tirant Lo Blanch'),(70,'Revista','Ups and down: VR','What\'s up Science?','Publicado','2019-01-03','Nacional','12930911gdh','2','167','2019','http://TirantLoBlanch.com','Fiscal','1','4','Daniela López González1 ','Puebla','México','Tirant Lo Blanch'),(71,'Revista','Quantics in computing ','What\'s up science?','Aceptado','2022-01-27','Nacional','fhs290','4','1573','2022','http://TirantLoBlanch.com','Fiscal','3','5','Erick Torres','Huajuapan de León','México','Tirant Lo Blanch'),(72,'Revista','Programacion web: Tips que te facilitaran la vida','Programacion web','Publicado','2014-06-06','Internacional','978-987-25620-2-1','1','30-35','2014','https://www.lectulandia.rocks/','','1900','','Galerías de Arte','Puebla','Mexico','Editorial Acd S.a de C v'),(73,'Libro','Tecnologias Emergentes: Un compendio de desarrollos Tecnologicos','Tecnologias Emergentes','Publicado','2021-09-12','Internacional','978-987-25620-2-2','1','120-126','2021','https://www.lectulandia.rocks/','','1900','','Mónica González Dillon','Ciudad de Mexico','Mexico','El Dragon Rojo'),(74,'Libro','Produccion de Videojuegos Arcade','Produccion de Videojuegos Arcade','','2022-01-01','Internacional','978-987-25620-2-3','2','200-210','2022','https://www.lectulandia.rocks/','','1900','','Mónica González Dillon','Ciudad de Mexico','Mexico','El Dragon Rojo'),(75,'Libro','Estructura y Arquitectura de las Computadoras','Estructura y Arquitectura de las Computadoras','Publicado','2004-08-08','Nacional','978-987-25620-2-4','2','165-172','2004','https://www.lectulandia.rocks/','','1900','','Mónica González Dillon','Ciudad de Mexico','Mexico','El Dragon Rojo'),(76,'Revista','Sociedad Tecnologica','Sociedad Tecnologica','Publicado','2010-12-12','Nacional','978-987-25620-2-5','1','25-30','2010','https://www.redalyc.org/','','1900','','Galerías de Arte','Puebla','Mexico','Editorial Acd S.a de C v'),(77,'Revista','Servidores Web: Datos Curiosos','Servidores Web','Publicado','2020-10-11','Nacional','978-987-25620-2-6','1','57-62','2020','https://www.redalyc.org/','','1900','','Galerías de Arte','Puebla','Mexico','Editorial Acd S.a de C v'),(78,'Libro','Inteligencia Artificial','Inteligencia Artificial','Publicado','2019-01-18','Internacional','978-987-25620-2-7','3','164-174','2019','https://www.lectulandia.rocks/','','1900','','Mónica González Dillon','Ciudad de Mexico','Mexico','El Dragon Rojo'),(79,'Revista','Tecnologias Mundiales','Tecnologias Mundiales','Publicado','2020-10-06','Nacional','978-987-25620-2-8','1','32-45','2020','https://www.redalyc.org/','','1900','','Galerías de Arte','Puebla','Mexico','Editorial Acd S.a de C v'),(80,'Revista','Tecnologia, Ciencia y Educacion','Tecnologia, Ciencia y Educacion','Publicado','2015-05-05','Nacional','978-987-25620-2-9','1','29-34','2015','https://www.redalyc.org/','','1900','','Galerías de Arte','Puebla','Mexico','Editorial Acd S.a de C v'),(81,'Libro','Lenguaje Ensamblador','Lenguaje Ensamblador','Publicado','2021-06-16','Internacional','978-987-25620-3-1','3','189-200','2021','https://www.lectulandia.rocks/','','1900','','Mónica González Dillon','Ciudad de Mexico','Mexico','El Dragon Rojo'),(82,'revista','Un algoritmo que diseña experimentos cuánticos','Un algoritmo que diseña experimentos cuánticos','publicado','2017-04-05','Nacional','556-5656646546','1','200','2017','http://www.revista.unam.mx','','','','','Mexico','Mexico','Patria'),(83,'revista','imanes bidimensionales','imanes bidimensionales','publicado','2017-06-07','Nacional','343-3324332432','1','240','2017','http://www.revista.unam.mx/','','','','','Mexico','Mexico','patria'),(84,'revista','Los sesgos de los algoritmos','Los sesgos de los algoritmos','publicado','2017-01-01','Nacional','434-44324324234','2','100','2017','www.revista.edu.mx','','','','','Mexico','Mexico','patria'),(85,'revista','el futuro cuantico de la quimica','el futuro cuantico de la quimica','publicado','2018-01-01','Nacional','333-3232434324','1','250','2018','www.revista.edu.mx','','','','','Mexico','Mexico','patria'),(86,'revista','Eliminacion de microplasticos','Eliminacion de microplasticos','publicado','2018-02-02','Nacional','555-23432432432','1','120','2018','www.revista.edu.mx','','','','','Mexico','Mexico','cordillera'),(87,'revista','Diez códigos informáticos que han transformado la ciencia','Diez códigos informáticos que han transformado la ciencia','publicado','2000-07-08','Nacional','111-23123211231','2','300','2000','www.revista.edu.mx','','','','','Mexico','Mexico','cordillera'),(88,'revista','mejores comunicaciones espaciales','mejores comunicaciones espaciales','publicado','2020-01-02','Nacional','434-4234324243','2','300','2020','www.revista.mx','','','','','Mexico','Mexico','cordillera'),(89,'revista','Desarrollan un sensor para medir la temperatura intracelular','Desarrollan un sensor para medir la temperatura intracelular','publicado','2020-04-04','Nacional','443-434324324324','2','200','2020','www.revista.mx','','','','','Mexico','Mexico','Amssac'),(90,'revista','Inteligencia artificial y plegamiento de proteínas','Inteligencia artificial y plegamiento de proteínas','publicado','2019-03-01','Nacional','123-3123213123','2','543','2019','www.revista.edu.mx','','','','','Mexico','Mexico','Amssac'),(91,'revista','biosensores de contaminantes','biosensores de contaminantes','publicado','2022-01-02','Nacional','673-54534545','1','234','2022','www.revista.eD.mx','','','','','Mexico','Mexico','patria'),(92,'revista','El hotdog: más cerca del taco o de la hamburguesa','revista cientifica','publicado','2022-01-01','Internacional','s0e0x','1','69','2022','htpp://lecturacientifica.com','','1','','Oaxapens','Oaxaca','Estados Unidos','porrua'),(93,'revista','El diablo anda suelto','El bicho','de ebriedad','2022-01-01','internacional','zyx002','1','2-5','2022','http://elbicho.com','si','1','no','el ratón vaquero','Puebla','Mexico','Zapote'),(94,'Revista','Las computadoras de los 80s','Computacion UTM','publicado','2001-3-11','Internacional','jsjajajsj','1','650','2001','https://www.facebook.com/hazel.garcialopez.39/','','2','','UTM','Oaxaca','Mexico','El patito blanco'),(96,'tipoCLR','Un artículo de Isaías','NombreCLR','Publicado','2022-01-28','asdf','unisbnbn','2','22','1999','asdf','asd','asdf','no','Isaías Chávez','Oaxaca','México','Santillana'),(97,'tipoCLR','Un artículo de Isaías','NombreCLR','Publicado','2022-01-28','asdf','unisbnbn','2','22','1999','asdf','asd','asdf','no','Isaías Chávez','Oaxaca','México','Santillana'),(98,'Revista','Computo cuantico ','Revista computacion','Publicado','2000-08-09','Nacional','xd','1','1002','2000','computacion.com','','1','','3 hermanos','Oaxaca','Mexico ','Ramos SA'),(99,'Revista','Computo  ','Revista computacion','Publicado','2000-10-09','Nacional','rd','1','1002','2000','computacionrl.com','','1','','3 hermanos','Oaxaca','Mexico ','Ramos SA'),(100,'Artículo','Ministerio de salud pública-Isaías','Ministerio de salud pública-Isaías','Publicado','2022-01-27','Internacional','0-7645-2641-3','2','22','1998','https://enlace.17d07.mspz9.gob.ec/biblioteca/promo/inclusivos/2.%20Libre%20de%20Contaminaci%C3%B3n/Eliminaci%C3%B3n%20de%20Mercurio/instructivo_de_gesti%C3%B3n_integral_de_desechos_de_mercurio07146240014598934660015840001487963367.pdf','Fiscal','2','no','Isaías Chávez','Oaxaca','México','Santillana'),(101,'Artículo','Consejería de salud-Isaías','Consejería de salud-Isaías','Publicado','2022-01-26','Internacional','0-7642-2641-3','4','222','1998','http://www.agssursevilla.org/memorias/memoria09/valme_memoria_09.pdf','Fiscal','3','no','Isaías Chávez','Oaxaca','México','Santillana'),(102,'Artículo','Fundamentos de salud pública-Isaías','Fundamentos de salud pública-Isaías','Publicado','2022-01-27','Internacional','0-7642-2641-4','2','22','1998','http://sedici.unlp.edu.ar/handle/10915/29128','Fiscal','4','no','Isaías Chávez','Oaxaca','México','Santillana'),(103,'Artículo','Sistema de salud de México-Isaías','Sistema de salud de México-Isaías','Pendiente','2022-01-25','Internacional','0-7642-2641-5','2','22','1998','http://sedici.unlp.edu.ar/handle/10915/29128','Fiscal','4','no','Isaías Chávez','Oaxaca','México','Santillana'),(104,'Artículo',' Sabor a comida, sabor a libertad-Isaías',' Sabor a comida, sabor a libertad-Isaías','Pendiente','2022-01-24','Internacional','0-7642-2641-7','22','222','1996','https://books.google.es/books?hl=es&lr=&id=dsW8SzlXM2QC&oi=fnd&pg=PA5&dq=comida&ots=UEbXQhEDnW&sig=ijTivGI1vKxCwxXmAp46jAarezI','Fiscal','4','no','Isaías Chávez','Oaxaca','México','Santillana'),(105,'Artículo',' Repercusiones de la comida rápida en la sociedad-Isaías',' Repercusiones de la comida rápida en la sociedad-Isaías','Pendiente','2022-01-23','Internacional','0-7642-2641-10','22','222','1996','https://dialnet.unirioja.es/servlet/articulo?codigo=2480144','Fiscal','4','no','Isaías Chávez','Oaxaca','México','Santillana'),(106,'Artículo',' Historia de la comida: alimentos, cocina y civilización-Isaías',' Historia de la comida: alimentos, cocina y civilización-Isaías','Pendiente','2022-01-23','Internacional','0-7642-2642-10','22','222','1996','http://www.sidalc.net/cgi-bin/wxis.exe/?IsisScript=iicacr.xis&method=post&formato=2&cantidad=1&expresion=mfn=032945','Fiscal','7','no','Isaías Chávez','Oaxaca','México','Santillana'),(107,'Artículo',' Comida y cultura: identidad y significado en el mundo contemporáneo-Isaías',' Comida y cultura: identidad y significado en el mundo contemporáneo-Isaías','Pendiente','2022-01-23','Internacional','0-7642-2641-10','22','22222','1996','https://www.jstor.org/stable/40313394','Fiscal','11','no','Isaías Chávez','Aguascalientes','México','Santillana'),(108,'Artículo',' Come comida real-Isaías',' Come comida real-Isaías','Publicado','2022-01-28','Internacional','0-7642-2644-10','2','22','1999','https://aureoapp.com/assets/files/come-comida-real.pdf','Fiscal','55','no','Isaías Chávez','Oaxaca','México','Santillana'),(109,'Artículo','  El sentido del gusto: comida, estética y filosofía-Isaías','  El sentido del gusto: comida, estética y filosofía-Isaías','Publicado','2022-01-28','Internacional','0-7642-2644-10','2','22','1999','https://www.ucm.es/data/cont/media/www/pag-124677/Sobre%20Comida%20Filosofi%CC%81a%205.pdf','Fiscal','55','no','Isaías Chávez','Oaxaca','México','Santillana'),(110,'Artículo','  Conquista y comida: consecuencias del encuentro de dos mundos-Isaías','  Conquista y comida: consecuencias del encuentro de dos mundos-Isaías','Publicado','2022-01-28','Internacional','0-7642-2644-10','2','22','1999','https://www.ucm.es/data/cont/media/www/pag-124677/Sobre%20Comida%20Filosofi%CC%81a%205.pdf','Fiscal','55','no','Isaías Chávez','Oaxaca','México','Santillana'),(123,'revista','El tio computacion','revista cientifica','Pendiente','2022-01-28','Nacional','unisbnbn','2','22','2020','http://LecturasMexico.com','asd','asdf','no','XD','Puebla','México','patria'),(124,'revista','computacion e informatica','revista cientifica','Publicado','2022-01-30','Nacional','unisbnbn','2','22','1999','http://programacion.com','asd','asdf','no','XD','Oaxaca','México','patria'),(125,'revista','computacion y los humanos','revista informatica','Pendiente','2022-01-27','Nacional','unisbnbnasdfasfasdf','2','22','1998','http://LecturasMexico.com','asd','asdf','no','XD','Oaxaca','México','Santillana'),(126,'revista','las computadoras en el mundo','revista informatica','Publicado','2022-01-28','Nacional','unisbnbn','2','22','1996','http://LecturasMexico.com','asd','asdf','no','XD','Puebla','México','Santillana'),(127,'libro','entorno social','libro cientifico','Pendiente','2022-01-28','Local','unisbnbn','2','22','2000','http://LecturasMexico.com','asd','asdf','no','XD','Oaxaca','México','Santillana'),(128,'libro','uan computadora y un huamno','libro cientifico','Publicado','2022-01-28','Local','unisbnbn','2','22','2000','http://programacion.com','asd','asdf','no','XD','Oaxaca','México','patria'),(129,'libro','inteligencia propia','libro cientifico','Publicado','2022-01-28','Local','unisbnbn','2','22','1996','http://LecturasMexico.com','asd','asdf','no','XD','Oaxaca','México','patria'),(130,'libro','la vida y el amor por la computacion','libro cientifico','Pendiente','2022-01-28','Local','unisbnbn','2','22','2000','http://programacion.com','asd','asdf','no','XD','Oaxaca','México','patria'),(131,'novela','un programador','novela','Publicado','2022-01-28','Local','unisbnbn','2','22','2006','http://LecturasMexico.com','asd','asdf','no','XD','Oaxaca','México','Santillana'),(132,'novela','la programadora','novela de computacion','Pendiente','2022-01-28','Nacional','unisbnbn','2','22','1996','http://LecturasMexico.com','asd','asdf','no','Heriberto','Puebla','México','Santillana'),(133,'revista','Xiaomi: calidad precio','revista computacion','publicado','2019','nacional','s-e-x','1','110','2019','http://xiaomies.com','','1','','XD','Oaxaca','Mexico','Porrua'),(134,'Libro','El patrón Bitcoin','El patrón Bitcoin','Publicado','2022-01-28','Nacional','578-1426533356','2','223','2022','https://www.lectulandia.rocks/book/el-patron-bitcoin/','','3','','Blanca Nieves','Oaxaca','México','Santillana'),(135,'Ensayo','Las matemáticas del cosmos','Las matemáticas del cosmos','Publicado','2014-11-24','Internacional','978-1852682333','1','521','2014','https://www.lectulandia.rocks/book/las-matematicas-del-cosmos/','','2','','Blanca Nieves','Tokyo','Japón','PlanetadeLibros'),(136,'Ensayo','Las matemáticas de la vida','Las matemáticas de la vida','Publicado','2005-12-16','Nacional','148-1246852357','3','710','2005','https://www.lectulandia.rocks/book/las-matematicas-de-la-vida/','','1','','Blanca Nieves','Etla','México','Editorial Diana'),(137,'Libro','Nuestro universo matemático','Nuestro universo matemático','Revisión','2007-10-07','Nacional','378-1426333253','1','124','2007','https://www.lectulandia.rocks/book/nuestro-universo-matematico/','','1','','Blanca Nieves','Nochistlán','México','Editorial SM México'),(138,'Libro','El muñeco humano y otros artículos','El muñeco humano y otros artículos','Cancelado','2004-04-12','Internacional','953-55657598230','3','532','2004','https://www.lectulandia.rocks/book/el-muneco-humano-y-otros-articulos/','','1','','Blanca Nieves','Oaxaca','México','Santillana'),(139,'Libro','Blockchain. La revolución industrial de internet','Blockchain. La revolución industrial de internet','Publicado','2022-01-28','Internacional','453-55650724130','1','274','2022','https://www.lectulandia.rocks/book/blockchain-la-revolucion-industrial-de-internet/','','2','','Blanca Nieves','Huajuapan','México','Santillana'),(140,'Ensayo','Leucipo y Demócrito. Los primeros atomistas','Leucipo y Demócrito. Los primeros atomistas','Publicado','2021-01-28','Nacional','849-12456782367','2','541','2021','https://www.lectulandia.rocks/book/leucipo-y-democrito-los-primeros-atomistas/','','3','','Blanca Nieves','Chiapas','México','Santillana'),(141,'Libro','Los multimillonarios del bitcoin','Los multimillonarios del bitcoin','Publicado','2001-04-14','Nacional','978-98745612354','1','245','2001','https://www.lectulandia.rocks/book/los-multimillonarios-del-bitcoin/','','4','','Blanca Nieves','Veracruz','México','Panini'),(142,'Ensayo','El hombre que sabía demasiado','El hombre que sabía demasiado','Revisión','2007-05-25','Nacional','948-1244641357','4','163','2007','https://www.lectulandia.rocks/book/el-hombre-que-sabia-demasiado-david-leavitt/','','3','','Blanca Nieves','Brasilia','Brasil','Panini'),(143,'Ensayo','Agujeros negros y pequeños universos y otros ensayos','Agujeros negros y pequeños universos y otros ensayos','Publicado','2012-12-12','Internacional','456-8511252245','1','235','2012','https://www.lectulandia.rocks/book/agujeros-negros-y-pequenos-universos-y-otros-ensayos/','','1','','Blanca Nieves','Yuta','Estados Unidos','Panini'),(144,'tipoCLR','Diseño web ','revista computacion','Publicado','2022-01-28','Internacional','unisbnbn','2','22','1996','https://www.ucm.es/data/cont/media/www/pag-124677/...','asd','asdf','no','Andrea García','Oaxaca','México','Santillana'),(145,'tipoCLR','Modificación en base de datos','revista computacion','Publicado','2022-01-28','Internacional','unisbnbn','2','22','1996','https://www.ucm.es/data/cont/media/www/pag-124677/...','asd','asdf','no','Andrea García','Oaxaca','México','Santillana'),(146,'tipoCLR','Creación de un sitio web','Revista cientifica','Publicado','2022-01-28','Internacional','unisbnbn','2','22','1996','https://www.ucm.es/data/cont/media/www/pag-124677/...','asd','asdf','no','Andrea García','Oaxaca','México','Santillana'),(147,'tipoCLR','Comentarios en PHP','Revista cientifica','Publicado','2022-01-28','Internacional','unisbnbn','2','22','1996','https://www.ucm.es/data/cont/media/www/pag-124677/...','asd','asdf','no','Andrea García','Oaxaca','México','Santillana'),(148,'tipoCLR','Linux vs Windows','Revista en informatica','Publicado','2022-01-28','Nacional','unisbnbn','2','22','1996','https://www.ucm.es/data/cont/media/www/pag-124677/...','asd','asdf','no','Andrea García','Oaxaca','México','Santillana'),(149,'tipoCLR','Subir una pagina web a internet','revista computacion','Publicado','2022-01-28','Nacional','unisbnbn','2','22','1996','https://www.ucm.es/data/cont/media/www/pag-124677/...','asd','asdf','no','Andrea García','Oaxaca','México','Santillana'),(150,'tipoCLR','Consultas en sql ','Revista cientifica','Publicado','2022-01-28','Nacional','unisbnbn','2','22','1996','https://www.ucm.es/data/cont/media/www/pag-124677/...','asd','asdf','no','Andrea García','Oaxaca','México','Santillana'),(151,'tipoCLR','Enlaces URL','Revista cientifica','Publicado','2022-01-28','Nacional','unisbnbn','2','22','1996','https://www.ucm.es/data/cont/media/www/pag-124677/...','asd','asdf','no','Andrea García','Oaxaca','México','Santillana'),(152,'tipoCLR','Que es un sitio web','Revista cientifica','Publicado','2022-01-28','Internacional','unisbnbn','2','22','1996','https://www.ucm.es/data/cont/media/www/pag-124677/...','asd','asdf','no','Andrea García','Oaxaca','México','Santillana'),(153,'tipoCLR','Tipo de datos en  MYSQL para una base de datos','revista computacion','Publicado','2022-01-28','Internacional','unisbnbn','2','22','1996','https://www.ucm.es/data/cont/media/www/pag-124677/...','asd','asdf','no','Andrea García','Oaxaca','México','Santillana'),(154,'tipoCLR','¿Puede la tecnología salvar a las especies en peligro de extinción?','NATURE ISSN','Pendiente','2022-01-28','asdf','unisbnbn','2','22','1992','https://www.ucm.es/data/cont/media/www/pag-124677/...','asd','asdf','no','DL','Querétaro','México','Trigo'),(155,'tipoCLR','¿Cómo afecta el estrés laboral a la salud mental?','JAM CHEM','Pendiente','2022-01-28','asdf','unisbnbn','2','22','1992','asdf','asd','asdf','no','DL','Querétaro','México','Trigo'),(156,'tipoCLR','La preocupante desaparición de los insectos voladores','BLOOD','Pendiente','2022-01-28','asdf','unisbnbn','2','22','1992','asdf','asd','asdf','no','DL','Querétaro','México','Trigo'),(157,'tipoCLR','Un dinosaurio atrapada en ámbar','CELL','Pendiente','2022-01-28','asdf','unisbnbn','6','15','2018','asdf','asd','asdf','no','DL','Monterrey','México','Trigo'),(158,'tipoCLR','Desarrollan mas vacunas efectivas','LANCET','Pendiente','2022-01-28','asdf','unisbnbn','4','12','2019','asdf','asd','asdf','no','DL','Guadalajara','México','espiral'),(159,'tipoCLR','Cada vez más inteligentes','NATURE','Pendiente','2022-01-28','asdf','unisbnbn','10','17','1978','asdf','asd','asdf','no','DL','Saltillo','México','espiral'),(160,'tipoCLR','un mundo sin abejas ','NATURE','Pendiente','2022-01-28','asdf','unisbnbn','8','25','2000','asdf','asd','asdf','no','DL','Mérida','México','Trigo'),(161,'tipoCLR','La mentira corre más que la verdad','CELL','Pendiente','2022-01-28','asdf','unisbnbn','5','15','2017','asdf','asd','asdf','no','DL','Acapulco','México','Trigo'),(162,'tipoCLR','La clave está en la moderación','LANCET','Pendiente','2022-01-28','asdf','unisbnbn','2','22','1982','asdf','asd','asdf','no','DL','Tijuana','México','Espiral'),(163,'tipoCLR',' Más y más plástico en el Pacífico','BLOOD','Pendiente','2022-01-28','asdf','unisbnbn','7','20','2007','asdf','asd','asdf','no','DL','Chihuahua','México','Trigo'),(164,'Revista','Cristalinda','Cristalinda','Publicado','2000-02-01','Nacional','120-193745028490','1','200','2000','www.rev.com.mx','','','','','Huajuapan','Mexico','TV notas'),(165,'Revista','Agua inmaculada','Agua inmaculada','Pendiente','2022-01-17','Internacional','678-097542467876','1','250','2022','www.utm.mx','','','','','Oaxaca','Mexico','TV y Novelas'),(166,'revista','Chocotorro vs Dalmata','revista cientifica','publicado','2017-05-05','nacional','2342','1','34','2017','http://pastelitos.com','','1','','XD','Oaxaca','Mexico','Porrua'),(167,'revista','Speedrun minecraft ','revista informatica','publicado','2015-07-01','nacional','adafs','1','23','2015','http://minecraft.com','','1','','XD','Oaxaca','Mexico','Porrua'),(168,'revista','NFTs','revista computacion','publicado','2021-05-05','nacional','asf','2','45','2021','http://hostfalso.com','','1','','XD','Oaxaca','Mexico','Porrua'),(169,'revista','Por que rellenar BD deberia de ser más facil','revista computacion','publicado','2022-01-27','nacional','asff','1','34','2022','htp://paginafalsa123.com','','1','','XD','Oaxaca','Mexico','Porrua'),(170,'revista','Por que debiste comprar bitcoin en el 2010','revista informatica','publicado','2022-01-02','nacional','asf','1','45','2022','http://bitcoin.com','','1','','XD','Oaxaca','Mexico','Porrua'),(171,'Revista','Hotel Laredo','Hotel Laredo','Publicado','2021-09-06','Nacional','875-98646707535','1','99','2021','www.huajuapan.com','','','','','Huajuapan','Mexico','Patito'),(172,'Publicación','¿Por qué necesitamos estudiar?','¿Por qué necesitamos estudiar?','publicado','2012-04-01','Nacional','978-111-191939-99-1','1','10-20','2012','www.publi-gtx.com','Registro','98256','100','G&G','Oaxaca','México','Publicaciones GTX'),(173,'Revista','Misterios de la UTM','Misterios de la UTM','publicado','2013-05-02','Nacional','978-111-198729-99-2','2','99-211','2013','www.revista-gtx.com','Registro','98256','100','G&G','Oaxaca','México','Revista GTX'),(174,'Revista','La fea verdad sobre las computadoras','La fea verdad sobre las computadoras','publicado','2014-06-03','Nacional','978-111-191129-99-3','3','30-54','2014','www.revista-gtx.com','Registro','98256','100','G&G','Oaxaca','México','Revista GTX'),(175,'Publicación','Cómo ahorrar dinero comiendo una vez al día','Cómo ahorrar dinero comiendo una vez al día','publicado','2015-07-04','Nacional','978-111-192129-99-4','4','40-90','2015','www.publi-gtx.com','Registro','98256','100','G&G','Oaxaca','México','Publicaciones GTX'),(176,'Revista','El negocio del SUNEO','El negocio del SUNEO','publicado','2016-08-05','Nacional','978-111-196529-99-5','5','99-511','2016','www.revista-gtx.com','Registro','98256','100','G&G','Oaxaca','México','Revista GTX'),(177,'Revista','La mafia del poder','La mafia del poder','publicado','2017-09-06','Nacional','978-111-195529-99-6','6','60-88','2017','www.revista-gtx.com','Registro','98256','100','G&G','Oaxaca','México','Revista GTX'),(178,'Publicación','¿Por qué nunca compila mi código?','¿Por qué nunca compila mi código?','publicado','2018-10-07','Nacional','978-111-196529-99-7','7','70-20','2018','www.publi-gtx.com','Registro','98256','100','G&G','Oaxaca','México','Publicaciones GTX'),(179,'Revista','Cómo estudiar en una hora','Cómo estudiar en una hora','publicado','2019-11-08','Nacional','978-111-199029-99-8','8','21-44','2019','www.revista-gtx.com','Registro','98256','100','G&G','Oaxaca','México','Revista GTX'),(180,'Revista','Mejores universidades de Oaxaca','Mejores universidades de Oaxaca','publicado','2021-12-09','Nacional','978-111-196729-99-9','9','99-911','2021','www.revista-gtx.com','Registro','98256','100','G&G','Oaxaca','México','Revista GTX'),(181,'Revista','El circuito detrás de los teclados mécanicos','El circuito detrás de los teclados mécanicos','publicado','2022-01-10','Nacional','978-111-193729-99-10','10','43-87','2022','www.revista-gtx.com','Registro','98256','100','G&G','Oaxaca','México','Revista GTX'),(182,'revista','Churrumais 12 pesos, problema nacional','revista computacion','publicado','2022-01-02','nacional','asf','1','345','2022','http://churrumais.com','','1','','XD','Oaxaca','Mexico','Porrua'),(183,'revista','La calificacion minima aprovatoria deberia ser 4','revista computacion','publicado','2022-01-25','nacional','asf','1','335','2022','http://calificacion.com','','1','','XD','Oaxaca','Mexico','Porrua'),(184,'revista','Luz azul','revista computacion','publicado','2022-01-25','nacional','asf','1','199','2022','http://luz.com','','1','','XD','Oaxaca','Mexico','Porrua'),(185,'revista','La incondicional: Himno no oficial de Mexico','revista cientifica','publicado','2002-01-25','nacional','asf','1','209','2002','http://mirey.com','','1','','XD','Oaxaca','Mexico','Porrua'),(186,'Revista','Huajuapan en el mundo','Huajuapan en el mundo','Publicado','2021-09-02','Internacional','234-59834573123','5','2500','2021','www.turismo.com','','','','','Stuttgart','Alemania','Funchiz'),(187,'revista','El mole la mejor comida','revista cientifica','publicado','2001-01-25','nacional','asf','1','100','2001','http://molejeje.com','','1','','XD','Oaxaca','Mexico','Porrua'),(188,'revista','covid 19','revista cientifica','publicado','2001-02-23','Nacional','addddsf','2','140','2002','http://covid.com','','1','','XD','Oaxaca','Mexico','Porrua'),(189,'revista','covid22','revista cientifica','publicado','2001-02-23','Nacional','addddsf','1','140','2002','http://covid22.com','','2','','XD','Oaxaca','Mexico','Porrua'),(190,'Biografia','Mi vida: Dtorres','Mi vida: Dtorres','Publicado','2020-01-01','Nacional','123-98761836383','1','3500','2020','www.elrincondelvago.com','','','','Dtorres','Huajuapan','Mexico','UTM'),(191,'revista','Mexico el mejor pais?','revista cientifica','publicado','2022-01-23','Nacional','addddsf','1','140','2002','http://mexico.com','','2','','XD','Oaxaca','Mexico','Porrua'),(192,'revista','Tercera guerra mundial ?','revista cientifica','publicado','2022-01-23','Nacional','asdasfafa','1','140','2002','http://mundo.com','','2','','XD','CDMX','Mexico','guerra'),(193,'revista','Faraon el mejor cantante?','revista cientifica','publicado','2022-01-23','Internacional','cucumio','2','140','2002','http://faraon.com','','2','','XD','CDMX','Mexico','guerra'),(194,'revista','Por que no puedo ir al concierdo del conejo malo?','revista cientifica','publicado','2022-01-23','Internacional','cucumio','2','140','2002','http://badbuny.com','','2','','XD','CDMX','Mexico','rr'),(195,'revista','programacion web ','revista cientifica','publicado','2022-01-23','Internacional','web','2','140','2002','http://programacion web.com','','1','','XD','CDMX','Mexico','web'),(196,'Revista','Escandalos de famosos','Escandalos de famosos','Publicado','2021-10-10','Nacional','175-4397343437','1','10','2021','www.chismes.com','','','','TV notas','Oaxaca','Mexico','TV NOTAS'),(197,'revista','El universo una simulacion ? ','revista cientifica','publicado','2022-08-22','Internacional','web','2','140','2002','http://simulacion web.com','','1','','XD','CDMX','Mexico','web'),(198,'revista','existe vida en otyro universo ? ','revista cientifica','publicado','2000-18-22','Internacional','web','2','140','2002','http://mundo.com','','1','','XD','CDMX','Mexico','web'),(199,'revista','R como es ? ','revista cientifica','publicado','2000-18-22','Internacional','web','2','140','2002','http://E.com','','1','','XD','CDMX','Mexico','web'),(200,'revista','mi vida ? ','revista cientifica','publicado','2000-18-22','Internacional','rr','2','140','2002','http://Esssss.com','','1','','XD','CDMX','Mexico','web'),(201,'revista','Heizel ? ','revista cientifica','publicado','2000-18-22','Internacional','rr','2','140','2002','http://Esssss.com','','1','','XD','CDMX','Mexico','web'),(202,'Publicacion','Lo que la gente cuenta','Lo que la gente cuenta','Publicado','2005-09-08','Nacional','873-298368233','1','20','2005','www.curiosidades.com','','','','','CDMX','Mexico','Patito'),(203,'revista','IBM 1990 ? ','revista cientifica','publicado','2000-18-22','Internacional','rr','2','140','2002','http://UTM.com','','1','','XD','CDMX','Mexico','web'),(204,'revista','IBM 1999 ? ','revista cientifica','publicado','2000-18-22','Internacional','rr','2','140','2002','http://UTM.com','','1','','XD','CDMX','Mexico','web'),(205,'revista','CARLOS SLIM ROBOT? ','revista cientifica','publicado','2000-18-22','Internacional','rr','2','140','2002','http://UTM.com','','1','','XD','CDMX','Mexico','web'),(206,'revista','Reptilianos de las computadoras? ','revista cientifica','publicado','2000-18-22','Internacional','rr','2','140','2002','http://UTM.com','','1','','XD','CDMX','Mexico','web'),(207,'revista','LA VIDA DE LUIS DIEGO? ','revista cientifica','publicado','2000-18-22','Internacional','rr','2','140','2002','http://UTM.com','','1','','XD','CDMX','Mexico','web'),(208,'Publicacion','Top 10 maestros de la UTM','Top 10 maestros de la UTM','Pendiente','2022-01-01','Nacional','943-553443434','1','10','2022','www.utm.mx','','','','','Huajuapan','Mexico','UTM'),(209,'revista','AMOR A LAS COMPUTADORAS? ','revista cientifica','publicado','2001-18-22','Internacional','rr','2','299','2002','http://UTM.com','','1','','XD','CDMX','Mexico','web'),(210,'revista','UTM? ','revista cientifica','publicado','2011-18-22','Internacional','rr','2','300','2002','http://UTM.com','','1','','XD','CDMX','Mexico','web'),(211,'revista','Usalab? ','revista cientifica','publicado','2021-18-22','Internacional','rr','2','300','2002','http://UTM.com','','1','','XD','CDMX','Mexico','web'),(212,'Revista','Semanal','Semanal','Publicado','2021-12-12','Nacional','343-9384937438','1','120','2021','www.mexico.com','','','','','CDMX','Mexico','Chafa'),(213,'revista','PC GAMER? ','revista cientifica','publicado','2021-12-22','Internacional','rr','2','300','2002','http://UTM.com','','1','','XD','CDMX','Mexico','web'),(214,'revista','ERIK CUE? ','revista cientifica','publicado','2021-10-22','Internacional','rr','2','300','2002','http://UTM.com','','1','','XD','CDMX','Mexico','web'),(215,'Revista','Foliculos','Foliculos','Publicado','2012-12-12','Nacional','244-56873922','1','120','2012','www.skincare.com','','','','','CDMX','Mexico','Loreal'),(216,'revista','DIEGO VIRGILIO HIPOLITO? ','revista cientifica','publicado','2021-09-22','Internacional','rr','2','500','2002','http://UTM.com','','1','','XD','CDMX','Mexico','web'),(217,'revista','Diseño de Algoritmos','Diseño de Algoritmos','publicado','2018-12-12','Nacional','222-2222222221','1','222','2018','www.computacion.mx','','','','','Oaxaca','Mexico','Tres Grillos'),(218,'revista','Programando con Moi','Programando con Moi','publicado','2015-01-02','Nacional','647-9823667732','1','99','2015','www.moi.com','','','','','Oaxaca','Mexico','Lauross'),(219,'revista','Programando con DTorres','Programando con DTorres','publicado','2018-09-12','Nacional','370-09290928876','1','576','2018','','','','','','Guadalajara','Mexico','Santisimo'),(220,'revista','Como evitar que los alumnos copien en un examen','Como evitar que los alumnos copien en un examen','pendiente','2019-04-14','Internacional','738-123456789','3','243','2019','www.mipagina.com','','','','','New York','EUA','Colors'),(221,'revista','Computacion Universal','Computacion Universal','pendiente','2022-01-22','Internacional','838-9283746251','2','654','2022','www.alabadoseacristo.com','','','','','Sidney','Australia','Ocean'),(222,'revista','Computacion en las alturas','Computacion en las alturas','publicada','2019-09-22','Nacional','771-097381879282','1','232','2019','www.hallo.com','','','','','Moscu','Rusia','Oso Gris'),(223,'revista','Compu','Compu','publicado','2018-08-12','Nacional','953-9539539539','1','189','2018','www.mivida.com','','','','','Guadalajara','Mexico','Tres Grillos'),(224,'revista','Amor en la Computacion','Amor en la Computacion','pendiente','2012-02-22','Internacional','937-0787736522','2','323','2012','www.andoaburrido.com','','','','','Estocolmo','Suecia','Holanda'),(225,'revista','OKI','OKI','publicado','2021-12-12','Internacional','827-027981712','1','254','2021','www.bellezaenmiinterior.com','','','','','Los Angeles','EUA','Mirror'),(226,'revista','Computacion limpia y segura','Computacion limpia y segura','publicado','2014-04-23','Nacional','203-0281893931','1','23','2014','www.mipagina.com','','','','','Cuernavaca','Mexico','Oki'),(237,'Artículo Científico','Análisis y diseño de centro de servicios (service desk), basado en ITIL versión 3 para el área de soporte de la empresa Gestalth','Análisis','publicado','01-07-2014','internacional','978-3-16-148410-0','1','123','2014','16.14462/4576174.4285016','a','5','ds','ESPE','Quito','Ecuador','Universidad de las Fuerzas Armadas ESPE. Carrera de Ingeniería de Sistemas e Informática.'),(238,'Artículo Científico','Computadoras de ADN para el trabajo y el juego','Computadoras','autorizado','26-03-2015','internacional','678-7-32-7139','2','66','2015','76.9809/2959440.2492340','b','7','dg','Milan','Madrid','España','Reed-Elsevier'),(239,'Artículo Científico','Evolución virtual','EV','publicado','28-01-2001','Internacional','578-8-77-9758','1','22','2001','02.7534/5458974.9589054','c','9','dsf','Mac','Bogotá','Colombia','Taylor & Francis'),(240,'Artículo Científico','La ciencia en la Red','LCELR','publicado','23-05-2016','Internacional','147-9-85-6547','4','76','2016','12.9300/4154748.8023356','f','3','gg','Nogal','Barcelona','España','Wiley-Blackwell'),(241,'Artículo Científico','Computación cuántica con iones','CCSS','autorizado','31-08-2020','internacional','357-8-43-4313','3','656','2020','06.2892/822534.8630128','e','1','qq','Riehl','Valencia','Venezuela','Springer y Sage'),(242,'Artículo Científico','La Informática, la Computación y la Ciencia de la Información: una alianza para el desarrollo','LILC','publicado','01-02-2009','internacional','465-5-48-4458','2','58','2009','56.6924/8424380.6316448','g','5','ff','Sloman','Rosario','Argentina','Wiley-Blackwell'),(243,'Artículo Científico','Enfoque sistémico-cibernético en el diseño de sistema de gestión de una institución de educación superior universitaria','ESCGT','publicado','30-11-2021','internacional','156-5-54-1347','1','99','2021','14.3308/4759986.3080184','r','6','aa','Castro','Huancayo','Perú','Universidad Nacional del Centro del Perú'),(244,'Artículo Científico','Modelo sistémico con enfoque en disciplinas individuales de las organizaciones inteligentes y la eficiencia organizacional','AARTYR','autorizado','07-12-2021','internacional','123-4-46-1578\r\n','1','10','2021','26.1822/6792882.2794020','s','8','hhhki','Milder\r\n','Puno','Perú','Universidad Nacional del Altiplano'),(245,'Artículo Científico','Acceso a recursos tecnológicos y rendimiento académico en tiempos de pandemia y aislamiento social obligatorio','MSKF','publicado','20-01-2022','internacional','120-1-12-206','1','9','2022','28.3310/5539048.6471608','gti','7','jkjo','Casas','Loreto','Perú','Universidad Nacional de San Martín'),(246,'Artículo Científico','¿Cómo pensar en el hiperespacio?','CPEEH','publicado','20-11-2015','internacional','156-8-96-7412','2','99','2015','44.6166/6207056.4221300','ss','9','rrtt','Midler','Valencia','Venezuela','Taylor & Francis'),(257,'Revista','La ciencia no es solo para cientifícos','Divulgación cientifíca','publicado','2021-10-29','nacional','2590-924X','5','12-15','','','','','','','','',''),(258,'Revista','Hongos: los ingenieros del bosque','Divulgación cientifíca','publicado','2021-10-29','nacional','2590-924X','5','80-85','','','','','','','','',''),(259,'Revista','En la literatura están las claves para salvar la selva','Divulgación cientifíca','publicado','2021-10-29','nacional','2590-924X','5','74-79','','','','','','','','',''),(260,'Revista','Algoritmos sofisticados para prevenir ciberdelitos','Divulgación cientifíca','publicado','2021-10-29','nacional','2590-924X','5','150-153','','','','','','','','',''),(261,'Revista','En busca de una radioterapia más efectiva contra el cáncer','Divulgación cientifíca','publicado','2021-10-29','nacional','2590-924X','5','164-167','','','','','','','','',''),(262,'Revista','COVID-19 una oportunidad para la corrupción','Divulgación cientifíca','publicado','2021-10-29','nacional','2590-924X','5','114-119','','','','','','','','',''),(263,'Revista','El doble desafío de las mujeres migrantes','Divulgación cientifíca','publicado','2021-10-29','nacional','2590-924X','5','104-109','','','','','','','','',''),(264,'Revista','El letal mercurio y su posible relación con la enfermedad renal crónica','Divulgación cientifíca','publicado','2021-10-29','nacional','2590-924X','5','138-141','','','','','','','','',''),(265,'Revista','La atención en salud mental es prioritaria en tiempos de COVID-19','Divulgación cientifíca','publicado','2021-10-29','nacional','2590-924X','5','174-177','','','','','','','','',''),(266,'Revista','La historia que cuentan los genes','Divulgación cientifíca','publicado','2021-10-29','nacional','2590-924X','5','180-183','','','','','','','','',''),(267,'Revista','Campos electromagnéticos','Física para todos','publicada','2021-12-21','Nacional','efd003','1','34-39','2021','http://fisicaparatodos.mx','Si','2','vacío','Los Díaz','Oaxaca','México','Acatlima'),(268,'revista','Una aplicación interactiva de simulación 3D para fomentar la cultura Mixteca en el museo regional de Huajuapam (MUREH)','revista','publicado','08-05-2019','Nacional','gns-1223','1','','2019','','','','','Erik German\r\n','Huajuapan de Leon','Mexico','Cuadernos del Sur'),(270,'Revista','Química del agua','Química en México','publicado','2019-08-15','Internacional','edf003','23','12-19','2019','http://quimicamexico.mx','vacio','2','vacio','Tres hermanos','Oaxaca','México','Nuevo México'),(271,'Revista','Seguridad informática','Computo ahora','publicado','2017-03-12','Nacional','stv005','1','5-12','2017','http://computoahora.com','vacio','2','vacio','Santiago','CDMX','México','Nuevo México'),(272,'Revista','Diseño de paginas web','Diseñando ando','publicado','2013-07-24','Internacional','cde012','2','12-21','2013','http://diseñandoando.com','vacio','3','vacio','López','Puebla','México','Arizona'),(273,'Revista','Circuitos eléctricos','Ciencia eléctrica','publicado','2005-11-16','Nacional','abc111','3','12-14','2005','http://cienciaelectrica.com','vacio','3','vacio','Andrades','Guadalajara','México','Zapotal'),(274,'Libro','Turing. La computación','Turing. La computación','Publicado','2001-04-12','Internacional','958-1456483357','1','124','2001','https://www.lectulandia.rocks/book/turing-la-computacion/','','1','','Samuel','California','Estados Unidos','Océano'),(275,'Revista','Como ser ingeniero en 2 días','Los ingenieros ','publicado','2022-01-17','Nacional','hij034','5','23-32','2022','http://ingenieros.com','vacio','2','vacio','Sureños','Nuevo León','México','Azteca'),(276,'Revista','La historia de la cinética','Física viva','revisado','2018-08-21','Internacional','qwe007','1','06-12','2018','http://fisicaviva.com','vacio','2','vacio','Los cuernudos','Oaxaca','México','Quico'),(277,'Articulo','Semi-Supervised Analysis of Human BrainTumours\r\nfrom Partially Labeled MRS Information, using Manifold Learning Models.\r\nInternational Journal of Neural Systems','revista cientifica','publicado','01-07-2011','internacional','LNAI4434','1','','2011','https://www.utm.mx/profesores/cv/CV_Raul_Cruz_Barbosa.pdf','','','','','','',''),(278,'Articulo','Semi-Supervised Analysis of Human BrainTumours\r\nfrom Partially Labeled MRS Information, using Manifold Learning Models.\r\nInternational Journal of Neural Systems','revista cientifica','publicado','01-07-2011','internacional','LNAI4434','1','','2011','https://www.utm.mx/profesores/cv/CV_Raul_Cruz_Barbosa.pdf','','','','','','',''),(279,'Libro','Historia de la criptografía','Historia de la criptografía','Publicado','2005-04-12','Internacional','958-1456986357','1','154','2005','https://www.lectulandia.rocks/book/historia-de-la-criptografia/','','3','','Samuel','Nueva York','Estados Unidos','Océano'),(280,'Ensayo','Evolución en la tecnología: De la inteligencia artificial al meme','Evolución en la tecnología: De la inteligencia artificial al meme','Publicado','2015-07-21','Nacional','958-1796887357','2','153','2015','https://www.lectulandia.rocks/book/evolucion-en-la-tecnologia-de-la-inteligencia-artificial-al-meme/','','2','','Samuel','Juxlahuaca','México','Océano'),(281,'Libro','El algoritmo de Ada','El algoritmo de Ada','Publicado','2001-12-12','Internacional','958-1557829357','3','321','2011','https://www.lectulandia.rocks/book/el-algoritmo-de-ada/','','1','','Samuel','Oregon','Estados Unidos','Océano'),(282,'Revista','¿Vamos a reprobar?','Por supuesto','publicado','2019-10-25','Nacional','tuv006','2','33-36','2019','http://novamosapasar.com','vacio','4','vacio','Los Panchos','Huajuapan de León','México','Utemita'),(283,'Revista','Campos cuánticos','Cuantificando','Publicado','2021-06-12','Internacional','pov002','1','17-23','2021','http://cuantificando.com','vacio','2','vacio','Los primos','Oaxaca','México','Tunas Verdes'),(284,'revista','Algo asi bien tituloso','revista','publicado','08-08-2021','Nacional','sadas255','1','120','2021','','','','','','Huajuapan','Mexico','UTM'),(286,'libro','el club de la salamandra','libro','publicado','02-02-1998','Internacional','','1','230','1998','','','','','','','Argentina',''),(288,'Libro','Cadaver Exquisito','libro','publicado','29-11-2019','Internacional','sadfa123','1','231','2019','https://www.amazon.com.mx/Cadáver-exquisito-Mapa-las-lenguas/dp/842043342X','','','','','Buenos Aires','argentina',''),(290,'Artículo de divulgación','50 sombras de Web','50 sombras de Web','Publicado','2000-04-08','Internacional','99mdkaa','6','455','2000','http://lugarinventado.com','','33dw2','32d34','Walter Withe','Atlantida','Atlantida','Lugares perdidos'),(291,'Artículo de divulgación','Algoritmo Gausiano con interpolación Revés para imágenes de monas chinas','Revista Críptica','Publicado','2000-09-07','Nacional','099ias','8','1230','2000','http://matematicasorientales.com','','099ijlfkn','0klnaf','Miguel Bonarte Phire','Ámsterdam','Países Bajos','Trigger'),(292,'Artículo de divulgación','La música en un sentido codificado','La música en un sentido codificado','Publicado','2015-06-12','Nacional','98as66','9','987','2015','http://lugardesconocido.com','','344fas','as4sa3','Faustino Díaz','Oaxaca','México','Síncopa en Am'),(293,'Artículo de divulgación','Recursividad para neófitos','Recursividad para neófitos','Publicado','2011-05-11','Internacional','443f332s','8','888','2011','http://fuentesdelneofito.com','','988asd','56asv','Andrés Barbosa','Bogotá','Colombia','Sin bandera'),(294,'Artículo de divulgación','Formas de reprobar un semestre','Formas de reprobar un semestre','Publicado','2021-04-04','Internacional','99kas9','7','875','2021','http://elrincondelvago.com','','3eqsa4','988as','Juan Ramón Sáenz','Santiago de Chile','Chile','Weas sorprendentes'),(295,'Artículo de divulgación ','Parametrización de pixeles embebidos ','Parametrización de pixeles embebidos','Publicado','2013-09-02','Nacional','0988as','9','455','2013','http://atlasAnd','','ae44e','89qwd','Heisenberg','Nogales','México','Azul Templado'),(296,'Artículo de divulgación ','Alteraciones en la conducta porcentual de una variable estática ','Alteraciones en la conducta porcentual de una variable estática ','Publicado','2022-02-28','Nacional','988asd0','4','776','2022','http://alteracionesmutantes.com','','asc33','3da','Rodolfo en Reno','Tijuana','México','Porcentual antecesor'),(297,'Artículo de divulgación','Biyecciones entre el tiempo de utilidad y el descanso de un ingeniero en computación de la UTM','Biyecciones entre el tiempo de utilidad y el descanso de un ingeniero en computación de la UTM','Publicado','2022-01-28','Nacional','9880a7','10','666','2022','http;/elrincondelprogramador.com','','445fed','55fsd','Juan Bartolomé de las casas','Tlaxcala','México','Sin rumbo fijo en esta senda llamada vida'),(298,'Artículo de divulgación','Búsqueda cuaternaria de fotones mientras el gato no jale de la panca','Búsqueda cuaternaria de fotones mientras el gato no jale de la panca','Publicado','2022-01-22','Nacional','98yad4','24','4576','2022','http://teoríasmuyextrañasdecomprender.com','','87sf3','87yas21','','Campeche','México','Faro de Alejandría'),(300,'Artículo de divulgación','Primeros y siguientes de un compilador destruido por el tiempo de ejecución','Primeros y siguientes de un compilador destruido por el tiempo de ejecución','Publicado','2020-09-10','Nacional','98a-asfds','9','221','2020','http://ligamenor.com','','aw4rf-kas','234ads','Pepe Pecas','Campeche','México','Sin fronteras'),(301,'Artículo de navegación','Fuerzas básicas del Hackeo perimetral de los RJ45','Fuerzas básicas del Hackeo perimetral de los RJ45','Publicado','2021-10-10','Nacional','9800-as','8','760','2021','http://urlinvalida.com','','as998a-as','s34asc','Fermín IV','Huajuapan de León','México','Heróica'),(302,'Revista','Química cuántica con computadoras cuánticas','Educación Química','Publicado','2008-04-19','Internacional','0187-893X','1','25','2008','http://www.scielo.org.mx/','','','','Carlos Amador','Tamaulipas','México','Libros de Hierro'),(303,'Revista','Programación Funcional Descriptiva','Incongnitas de la Programación','Publicado','2020-12-25','Nacional','512x-12512','2','523','2020','http://programacion.org','','','','Santiago Orozco','Monterrey','México','Planeta de Libros'),(304,'Revista','Magnetización en bobinas neopolarizadas','Fisica Pensante','Publicado','2021-03-28','Internacional','12987C-148h','5','765','2021','http://fisicos.com','','','','Marcela Ibarra','Mar de Plata','Argentina','El libro'),(305,'Revista','Motores Monocilindricos ','Mecánica para todos','Publicado','1994-01-03','Nacional','287354DXJK','1','643','1994','http://Mecanicos.com','','','','Jesus Antonio','Caracas','Venezuela','El Planeta'),(306,'Revista','Programación para tontos','Programación','Publicado','2020-03-05','Internacional','623NCD','1','765','2020','http://programacion.com','','','','Santiago Perez','Oaxaca','México','Cajica'),(307,'Revista','Redes Opticas','Redes Mundiales','Publicado','2020-04-21','Internacional','91i94KJFN','1','993','2020','http://Redes.com','','','','Jorge Karin','Los Cabos','México','México Culto'),(308,'Revista','Seguridad Informatica','Hackers al dia','Publicado','2020-05-12','Internacional','6134yfa','1','671','2020','http://holamundo.com','','','','Daniel Hoz','Huajuapan de León','México','México Lindo'),(309,'Revista','Quimica Organica','Quimicos','Publicado','2020-04-21','Internacional','581948n','1','567','2020','http://Quimiccos.com','','','','Juan Antonio','Oaxaca','México','México Lindo'),(310,'Revista','Mecánica de Fluidos','Mecanicos','Publicado','2020-01-02','Internacional','15432gf','1','543','2020','http://mecanicos.com','','','','Santiago Hernandez','Oaxaca','México','México Culto'),(311,'revista','La programación','Revista UTM','Oaxaca','2022-03-14','Nacional','DFG4123','1','2-4','2022','http://programacion1.com','','1','','López','Guanajuato','México','Luz'),(312,'Documental','La programación en tiempos de COVID-19','Documental informativo','Oaxaca','2020-06-25','Mundial','CSDV20','2','0','2020','http://programacionCOVID.com','','3','','Soles','Juaréz','México','Campos'),(313,'Libro','Las matemáticas ','Libro UTM','Oaxaca','2019-09-30','Internacional','SFGSDG74','1','206','2019','http://www.matematicas.org.mx/','','5','','Kol','Nayarit','México','Hi'),(314,'Artículo','El diseño Habitación','Artículo informativo','Oaxaca','2018-06-31','Nacional','ADFSDG265','1','9','2018','http://disenoHabita.com','','1','sddg555','Males','México','México','Dados'),(315,'Revista','Física II','Revista Educacional','Oaxaca','2015-09-12','Nacional','JKBBSJF2','2','25','2015','http://fisicaII.com','','1asc','k5645','Mar','Nuevo León','México','Sal'),(316,'Libro','Alimentos','Libro','Oaxaca','2011-05-08','Nacional','dlkvks','1','199','2011','http://www.aliment.org.mx/','','1','dnvv','Barcos','Jalisco','México','Jimador'),(317,'Revista','Administración Empresarial','Revista Educativa','Oaxaca','2009-06-03','Internacional','csv2','1','3','2009','http://www.admi.org.mx/','','1','122fs','Taladro','Cuernavaca','México','Gato'),(318,'Artículo','Principios de Electrónica','Artículo','Oaxaca','2013-08-26','Nacional','ddcc56','1','5','2013','http://www.electro.mx\r\n','','1','kf555','Manlos','Tijuana','México','Ñú'),(319,'Libro','Mecánica Automotriz','Libro','Oaxaca','2022-12-01','Nacional','fg3v','1','209','2022','http://www.mecanicauto.mx','','1','vfd22','Hugo\'s','Tampico','México','Jueves'),(320,'Documental','El cemento','Documental','Oaxaca','2021-03-11','Internacional','kjf2','1','0','2021','http://www.elcemento.mx','','1','231gh','Márquez','Saltillo','México','Torres'),(321,'libro','Cómo evitar reprovar Web por no hacer tarea: Enfoque surrealista','CorvoBooks','Revision','2022-01-25','nacional','asdasd','2','310','2042','http//www.CorvoBooks.com','comprobante','4','no','CorvoHyatt','Guadalajara','Mexico','CorvoBooks'),(322,'libro','Ser inteligente en 30 minutos','CorvoBooks','Revision','2022-01-25','nacional','asdasd','2','310','2042','http//www.CorvoBooks.com','comprobante','4','no','CorvoHyatt','Guadalajara','Mexico','CorvoBooks'),(323,'libro','Sobre la reprobacion','CorvoBooks','Revision','2022-01-25','nacional','asdasd','2','310','2042','http//www.CorvoBooks.com','comprobante','4','no','CorvoHyatt','Guadalajara','Mexico','CorvoBooks'),(324,'libro','Meditaciones de Corvus','CorvoBooks','Revision','2022-01-25','nacional','asdasd','2','310','2042','http//www.CorvoBooks.com','comprobante','4','no','CorvoHyatt','Guadalajara','Mexico','CorvoBooks'),(325,'libro','Aceptar a cristo en tu corazón: Primer Paso','CorvoBooks','Revision','2022-01-25','nacional','asdasd','2','310','2042','http//www.CorvoBooks.com','comprobante','4','no','CorvoHyatt','Guadalajara','Mexico','CorvoBooks'),(326,'libro','Hagase millonario con 3 sencillas aplicaciones','CorvoBooks','Revision','2022-01-25','nacional','asdasd','2','310','2042','http//www.CorvoBooks.com','comprobante','4','no','CorvoHyatt','Guadalajara','Mexico','CorvoBooks'),(327,'libro','Nicolas copernico y sus chocoAventuras','Elsevier','Revision','2022-01-25','nacional','asdasd','2','310','2042','http//www.CorvoBooks.com','comprobante','4','no','CorvoHyatt','Guadalajara','Mexico','CorvoBooks'),(328,'libro','El valor del buen amor: Un enfoque diferente sobre el paradigma del valor que tiene el amor ante la onza de oro.','Elsevier','Revision','2022-01-25','nacional','asdasd','2','310','2042','http//www.CorvoBooks.com','comprobante','4','no','CorvoHyatt','Guadalajara','Mexico','CorvoBooks'),(329,'libro','Cómo sobrevivir en la UTM ','Elsevier','Revision','2022-01-25','nacional','asdasd','2','310','2042','http//www.CorvoBooks.com','comprobante','4','no','CorvoHyatt','Guadalajara','Mexico','CorvoBooks'),(330,'libro','Ser feo: Mi experiencia ','Elsevier','Revision','2022-01-25','nacional','asdasd','2','310','2042','http//www.CorvoBooks.com','comprobante','4','no','CorvoHyatt','Guadalajara','Mexico','CorvoBooks'),(331,'Revista','La ciencia no es solo para cientifícos','Divulgación cientifíca','publicado','2021-10-29','nacional','2590-924X','5','12-15','2021','https://revistas.urosario.edu.co/index.php/RDC/article/view/11235','','','','','','',''),(332,'Revista','Hongos: los ingenieros del bosque','Divulgación cientifíca','publicado','2021-10-29','nacional','2590-924X','5','80-85','2021','https://revistas.urosario.edu.co/index.php/RDC/article/view/11250','','','','','','',''),(333,'Revista','En la literatura están las claves para salvar la selva','Divulgación cientifíca','publicado','2021-10-29','nacional','2590-924X','5','74-79','2021','https://revistas.urosario.edu.co/index.php/RDC/article/view/11249','','','','','','',''),(334,'Revista','Algoritmos sofisticados para prevenir ciberdelitos','Divulgación cientifíca','publicado','2021-10-29','nacional','2590-924X','5','150-153','2021','https://revistas.urosario.edu.co/index.php/RDC/article/view/11275','','','','','','',''),(335,'Revista','En busca de una radioterapia más efectiva contra el cáncer','Divulgación cientifíca','publicado','2021-10-29','nacional','2590-924X','5','164-167','2021','https://revistas.urosario.edu.co/index.php/RDC/article/view/11280','','','','','','',''),(336,'Revista','COVID-19 una oportunidad para la corrupción','Divulgación cientifíca','publicado','2021-10-29','nacional','2590-924X','5','114-119','2021','https://revistas.urosario.edu.co/index.php/RDC/article/view/11256','','','','','','',''),(337,'Revista','El doble desafío de las mujeres migrantes','Divulgación cientifíca','publicado','2021-10-29','nacional','2590-924X','5','104-109','2021','https://revistas.urosario.edu.co/index.php/RDC/article/view/11254','','','','','','',''),(338,'Revista','El letal mercurio y su posible relación con la enfermedad renal crónica','Divulgación cientifíca','publicado','2021-10-29','nacional','2590-924X','5','138-141','2021','https://revistas.urosario.edu.co/index.php/RDC/article/view/11273','','','','','','',''),(339,'Revista','La atención en salud mental es prioritaria en tiempos de COVID-19','Divulgación cientifíca','publicado','2021-10-29','nacional','2590-924X','5','174-177','2021','https://revistas.urosario.edu.co/index.php/RDC/article/view/11282','','','','','','',''),(340,'Revista','La historia que cuentan los genes','Divulgación cientifíca','publicado','2021-10-29','nacional','2590-924X','5','180-183','2021','https://revistas.urosario.edu.co/index.php/RDC/article/view/11283','','','','','','','');
/*!40000 ALTER TABLE `articulo` ENABLE KEYS */;
UNLOCK TABLES;

--
-- Table structure for table `articuloYProfesor`
--

DROP TABLE IF EXISTS `articuloYProfesor`;
/*!40101 SET @saved_cs_client     = @@character_set_client */;
/*!40101 SET character_set_client = utf8 */;
CREATE TABLE `articuloYProfesor` (
  `idProfesor` bigint(20) NOT NULL,
  `idArticulo` bigint(20) NOT NULL,
  `pos` text COLLATE utf8_unicode_ci NOT NULL,
  `valido` text COLLATE utf8_unicode_ci NOT NULL,
  PRIMARY KEY (`idProfesor`,`idArticulo`),
  KEY `ArticuloProfesor` (`idProfesor`),
  KEY `ArticuloValido` (`idArticulo`),
  CONSTRAINT `ArticuloProfesor` FOREIGN KEY (`idProfesor`) REFERENCES `profesores` (`idProfesor`),
  CONSTRAINT `ArticuloValido` FOREIGN KEY (`idArticulo`) REFERENCES `articulo` (`idArticulo`)
) ENGINE=InnoDB DEFAULT CHARSET=utf8 COLLATE=utf8_unicode_ci;
/*!40101 SET character_set_client = @saved_cs_client */;

--
-- Dumping data for table `articuloYProfesor`
--

LOCK TABLES `articuloYProfesor` WRITE;
/*!40000 ALTER TABLE `articuloYProfesor` DISABLE KEYS */;
INSERT INTO `articuloYProfesor` VALUES (1,18,'1','si'),(1,21,'5','si'),(1,28,'1','si'),(1,38,'2','si'),(1,39,'2','si'),(1,40,'1','si'),(1,42,'1','si'),(1,47,'3','si'),(1,65,'10','Si'),(1,66,'10','Si'),(1,69,'10','Si'),(1,73,'5','Si'),(1,76,'3','Si'),(1,79,'1','Si'),(1,145,'1','si'),(1,151,'2','si'),(1,152,'2','si'),(1,153,'5','si'),(1,154,'1','si'),(1,162,'1','si'),(1,174,'1','si'),(1,180,'2','si'),(1,220,'5','si'),(1,223,'5','si'),(1,240,'1','si'),(1,241,'10','si'),(1,246,'1','si'),(1,306,'3','Si'),(1,307,'1','Si'),(1,309,'4','Si'),(1,315,'1','si'),(1,320,'1','si'),(1,332,'5','si'),(1,335,'3','si'),(1,339,'3','si'),(2,16,'1','si'),(2,18,'2','si'),(2,21,'4','si'),(2,28,'2','si'),(2,33,'5','si'),(2,35,'3','si'),(2,38,'4','si'),(2,42,'2','si'),(2,43,'5','si'),(2,46,'4','si'),(2,47,'4','si'),(2,101,'2','si'),(2,147,'1','si'),(2,153,'2','si'),(2,154,'2','si'),(2,162,'2','si'),(2,174,'2','si'),(2,181,'4','si'),(2,196,'4','Si'),(2,212,'3','Si'),(2,220,'2','si'),(2,221,'3','si'),(2,240,'2','si'),(2,241,'9','si'),(2,246,'2','si'),(2,306,'6','Si'),(2,310,'9','Si'),(2,312,'1','si'),(2,318,'1','si'),(2,320,'2','si'),(2,331,'1','si'),(2,332,'4','si'),(2,335,'4','si'),(2,339,'2','si'),(3,18,'3','si'),(3,21,'3','si'),(3,28,'3','si'),(3,32,'5','si'),(3,41,'5','si'),(3,42,'3','si'),(3,43,'1','si'),(3,46,'5','si'),(3,50,'3','si'),(3,64,'13','Si'),(3,67,'13','Si'),(3,102,'2','si'),(3,150,'2','si'),(3,153,'3','si'),(3,154,'2','si'),(3,162,'2','si'),(3,171,'3','Si'),(3,174,'3','si'),(3,196,'3','Si'),(3,218,'2','si'),(3,223,'4','si'),(3,240,'3','si'),(3,241,'8','si'),(3,246,'3','si'),(3,306,'7','Si'),(3,307,'9','Si'),(3,308,'4','Si'),(3,312,'2','si'),(3,318,'2','si'),(3,320,'1','si'),(3,332,'3','si'),(3,335,'5','si'),(3,339,'1','si'),(4,16,'2','si'),(4,18,'4','si'),(4,21,'2','si'),(4,28,'4','si'),(4,32,'4','si'),(4,42,'4','si'),(4,103,'4','si'),(4,146,'1','si'),(4,154,'2','si'),(4,162,'2','si'),(4,174,'4','si'),(4,240,'4','si'),(4,241,'7','si'),(4,246,'4','si'),(4,303,'4','Si'),(4,307,'3','Si'),(4,309,'1','Si'),(4,310,'4','Si'),(4,316,'3','si'),(4,320,'5','si'),(4,331,'2','si'),(4,332,'2','si'),(4,335,'1','si'),(4,339,'5','si'),(5,18,'5','si'),(5,21,'1','si'),(5,28,'5','si'),(5,34,'4','si'),(5,38,'5','si'),(5,42,'5','si'),(5,44,'5','si'),(5,51,'5','si'),(5,80,'1','Si'),(5,104,'5','si'),(5,144,'2','si'),(5,150,'3','si'),(5,153,'4','si'),(5,154,'2','si'),(5,162,'2','si'),(5,174,'5','si'),(5,178,'5','si'),(5,208,'1','Si'),(5,219,'3','si'),(5,238,'5','si'),(5,240,'5','si'),(5,241,'6','si'),(5,246,'5','si'),(5,311,'1','si'),(5,320,'2','si'),(5,332,'1','si'),(5,335,'2','si'),(5,339,'4','si'),(6,16,'3','si'),(6,37,'3','si'),(6,43,'2','si'),(6,48,'1','si'),(6,77,'4','Si'),(6,81,'5','Si'),(6,105,'6','no'),(6,147,'2','si'),(6,155,'1','si'),(6,163,'1','si'),(6,180,'3','si'),(6,196,'5','Si'),(6,212,'4','Si'),(6,217,'5','si'),(6,241,'5','si'),(6,246,'6','si'),(6,303,'1','Si'),(6,306,'2','Si'),(6,312,'2','si'),(6,319,'1','no'),(6,320,'3','si'),(6,331,'3','si'),(7,25,'2','si'),(7,33,'6','no'),(7,106,'7','no'),(7,145,'2','si'),(7,148,'2','si'),(7,155,'2','si'),(7,163,'2','si'),(7,220,'4','si'),(7,303,'7','Si'),(7,308,'5','Si'),(7,316,'2','si'),(7,320,'4','si'),(8,25,'3','si'),(8,107,'8','no'),(8,148,'1','si'),(8,155,'2','si'),(8,163,'2','si'),(8,212,'1','Si'),(8,302,'3','Si'),(8,304,'1','Si'),(8,308,'6','Si'),(8,309,'3','Si'),(8,315,'1','si'),(8,320,'1','si'),(9,25,'4','si'),(9,108,'9','no'),(9,155,'2','si'),(9,163,'2','si'),(9,221,'4','si'),(9,306,'4','Si'),(9,316,'2','si'),(9,320,'5','si'),(10,25,'5','si'),(10,33,'1','si'),(10,109,'10','no'),(10,144,'10','si'),(10,150,'4','si'),(10,155,'2','si'),(10,163,'2','si'),(10,215,'1','Si'),(10,222,'1','si'),(10,307,'7','Si'),(10,320,'1','si'),(11,16,'4','si'),(11,19,'1','si'),(11,26,'5','si'),(11,41,'3','si'),(11,47,'1','si'),(11,51,'3','si'),(11,76,'4','Si'),(11,79,'2','Si'),(11,110,'4','no'),(11,149,'2','si'),(11,156,'1','si'),(11,175,'4','si'),(11,179,'1','si'),(11,222,'5','si'),(11,237,'1','si'),(11,241,'4','si'),(11,246,'7','si'),(11,302,'5','Si'),(11,303,'2','Si'),(11,306,'5','Si'),(11,307,'8','Si'),(11,316,'2','si'),(11,331,'4','si'),(11,333,'2','si'),(12,16,'5','si'),(12,19,'2','si'),(12,26,'4','si'),(12,34,'3','si'),(12,37,'2','si'),(12,45,'4','si'),(12,51,'1','si'),(12,62,'14','SI'),(12,63,'14','SI'),(12,68,'14','SI'),(12,70,'14','SI'),(12,71,'14','SI'),(12,146,'2','si'),(12,149,'1','si'),(12,156,'2','si'),(12,175,'5','si'),(12,202,'1','Si'),(12,215,'3','Si'),(12,217,'4','si'),(12,218,'3','si'),(12,224,'2','si'),(12,241,'3','si'),(12,246,'8','si'),(12,303,'6','Si'),(12,304,'4','Si'),(12,307,'10','Si'),(12,310,'1','Si'),(12,312,'1','si'),(12,319,'1','no'),(12,331,'5','si'),(12,333,'4','si'),(13,19,'3','si'),(13,26,'3','si'),(13,36,'5','no'),(13,40,'3','si'),(13,43,'4','si'),(13,77,'3','Si'),(13,80,'3','Si'),(13,145,'3','si'),(13,146,'3','si'),(13,156,'2','si'),(13,165,'5','Si'),(13,180,'1','si'),(13,226,'2','si'),(13,241,'2','si'),(13,246,'9','si'),(13,302,'4','Si'),(13,303,'3','Si'),(13,304,'5','Si'),(13,310,'2','Si'),(13,317,'1','si'),(13,333,'5','si'),(14,19,'4','si'),(14,26,'2','si'),(14,38,'1','si'),(14,47,'2','si'),(14,78,'1','Si'),(14,149,'3','si'),(14,156,'2','si'),(14,224,'1','si'),(14,226,'1','si'),(14,241,'1','si'),(14,246,'10','si'),(14,305,'1','Si'),(14,306,'9','Si'),(14,308,'7','Si'),(14,310,'7','Si'),(14,333,'3','si'),(15,26,'1','si'),(15,144,'3','si'),(15,145,'4','si'),(15,150,'1','si'),(15,156,'2','si'),(15,164,'4','Si'),(15,215,'5','Si'),(15,303,'8','Si'),(15,306,'1','Si'),(15,307,'4','Si'),(15,311,'1','si'),(15,318,'2','si'),(16,29,'2','si'),(16,152,'1','si'),(16,157,'1','si'),(16,164,'1','Si'),(16,190,'5','Si'),(16,202,'3','Si'),(16,221,'1','si'),(16,223,'2','si'),(16,305,'2','Si'),(16,310,'6','Si'),(16,311,'1','si'),(16,318,'3','si'),(17,19,'5','si'),(17,29,'1','si'),(17,34,'2','si'),(17,35,'5','si'),(17,48,'2','si'),(17,64,'11','Si'),(17,67,'11','Si'),(17,75,'5','Si'),(17,78,'4','Si'),(17,102,'2','si'),(17,149,'4','si'),(17,151,'3','si'),(17,157,'2','si'),(17,171,'4','Si'),(17,173,'3','si'),(17,176,'5','si'),(17,190,'4','Si'),(17,220,'1','si'),(17,224,'5','si'),(17,305,'5','Si'),(17,309,'2','Si'),(17,311,'2','si'),(17,333,'1','si'),(18,29,'3','si'),(18,147,'4','si'),(18,152,'3','si'),(18,157,'2','si'),(18,302,'6','Si'),(18,304,'2','Si'),(18,305,'4','Si'),(18,308,'1','Si'),(18,315,'2','si'),(19,29,'4','si'),(19,92,'',''),(19,133,'4','si'),(19,149,'5','si'),(19,157,'2','si'),(19,303,'5','Si'),(19,314,'1','si'),(19,317,'2','si'),(20,20,'1','si'),(20,29,'5','si'),(20,39,'1','si'),(20,43,'3','si'),(20,45,'3','si'),(20,49,'3','si'),(20,51,'4','si'),(20,64,'10','Si'),(20,67,'10','Si'),(20,72,'1','Si'),(20,74,'5','Si'),(20,144,' 5','si'),(20,146,'4','si'),(20,157,'2','si'),(20,173,'2','si'),(20,179,'2','si'),(20,202,'5','Si'),(20,223,'1','si'),(20,244,'1','si'),(20,245,'6','si'),(20,305,'3','Si'),(20,308,'3','Si'),(20,315,'2','si'),(20,334,'2','si'),(21,20,'2','si'),(21,23,'5','si'),(21,34,'5','no'),(21,35,'1','si'),(21,39,'4','si'),(21,62,'15','Si'),(21,63,'15','Si'),(21,68,'15','Si'),(21,70,'15','Si'),(21,71,'15','Si'),(21,76,'5','Si'),(21,79,'3','Si'),(21,158,'1','si'),(21,173,'1','si'),(21,177,'3','si'),(21,181,'5','si'),(21,186,'3','Si'),(21,217,'2','si'),(21,219,'4','si'),(21,222,'2','si'),(21,225,'4','si'),(21,244,'2','si'),(21,245,'5','si'),(21,302,'1','Si'),(21,307,'5','Si'),(21,313,'1','no'),(21,319,'2','no'),(21,334,'4','si'),(21,336,'3','si'),(22,20,'3','si'),(22,23,'4','si'),(22,33,'2','si'),(22,45,'5','si'),(22,46,'3','si'),(22,73,'1','Si'),(22,146,'5','si'),(22,158,'2','si'),(22,171,'5','Si'),(22,178,'3','si'),(22,244,'3','si'),(22,245,'4','si'),(22,304,'3','Si'),(22,305,'6','Si'),(22,310,'5','Si'),(22,313,'2','no'),(22,334,'5','si'),(22,336,'2','si'),(23,23,'3','si'),(23,32,'1','si'),(23,33,'3','si'),(23,37,'1','si'),(23,40,'5','si'),(23,65,'13','Si'),(23,66,'13','Si'),(23,69,'13','Si'),(23,72,'4','Si'),(23,76,'2','Si'),(23,158,'2','si'),(23,175,'3','si'),(23,176,'4','si'),(23,180,'5','si'),(23,222,'3','si'),(23,244,'4','si'),(23,245,'3','si'),(23,302,'2','Si'),(23,307,'2','Si'),(23,309,'6','Si'),(23,310,'8','Si'),(23,316,'3','si'),(23,336,'4','si'),(24,20,'5','si'),(24,23,'2','si'),(24,32,'3','si'),(24,38,'6','si'),(24,39,'3','si'),(24,41,'1','si'),(24,48,'5','si'),(24,49,'5','si'),(24,62,'1011','Si'),(24,63,'1011','Si'),(24,68,'1011','Si'),(24,70,'1011','Si'),(24,71,'1011','Si'),(24,72,'3','Si'),(24,74,'3','Si'),(24,77,'1','Si'),(24,78,'3','Si'),(24,147,'3','si'),(24,151,'4','si'),(24,158,'2','si'),(24,164,'5','Si'),(24,172,'1','si'),(24,177,'5','si'),(24,179,'3','si'),(24,181,'3','si'),(24,190,'1','Si'),(24,196,'1','Si'),(24,208,'5','Si'),(24,212,'2','Si'),(24,219,'5','si'),(24,238,'6','si'),(24,244,'5','si'),(24,245,'2','si'),(24,307,'6','Si'),(24,308,'2','Si'),(24,311,'1','si'),(24,318,'2','si'),(24,334,'3','si'),(24,336,'1','si'),(25,20,'4','si'),(25,23,'1','si'),(25,25,'1','si'),(25,36,'2','si'),(25,41,'6','no'),(25,44,'4','si'),(25,62,'10','Si'),(25,63,'10','Si'),(25,68,'10','Si'),(25,70,'10','Si'),(25,71,'10','Si'),(25,77,'5','Si'),(25,80,'4','Si'),(25,82,'1','si'),(25,92,'',''),(25,144,'4','si'),(25,145,'5','si'),(25,153,'1','si'),(25,158,'2','si'),(25,165,'1','Si'),(25,172,'3','si'),(25,208,'2','Si'),(25,217,'1','si'),(25,238,'4','si'),(25,244,'6','si'),(25,245,'1','si'),(25,302,'7','Si'),(25,306,'8','Si'),(25,309,'5','Si'),(25,310,'3','Si'),(25,314,'1','si'),(25,317,'2','si'),(25,334,'1','si'),(25,336,'5','si'),(25,337,'1','si'),(26,37,'4','si'),(26,39,'6','si'),(26,50,'1','si'),(26,62,'13','Si'),(26,63,'13','Si'),(26,65,'11','Si'),(26,66,'11','Si'),(26,68,'13','Si'),(26,69,'11','Si'),(26,70,'13','Si'),(26,71,'13','Si'),(26,74,'2','Si'),(26,83,'1','si'),(26,133,'1','si'),(26,151,'1','si'),(26,159,'2','si'),(26,175,'1','si'),(26,311,'1','si'),(26,318,'2','si'),(26,337,'2','si'),(27,34,'1','si'),(27,41,'4','si'),(27,44,'3','si'),(27,50,'2','si'),(27,75,'3','Si'),(27,84,'1','si'),(27,148,'3','si'),(27,159,'2','si'),(27,172,'5','si'),(27,177,'2','si'),(27,215,'2','Si'),(27,226,'3','si'),(27,237,'2','si'),(27,238,'3','si'),(27,313,'1','no'),(27,337,'3','si'),(28,32,'2','si'),(28,36,'3','si'),(28,40,'6','si'),(28,74,'4','Si'),(28,85,'1','si'),(28,92,'',''),(28,159,'2','si'),(28,180,'4','si'),(28,186,'5','Si'),(28,217,'3','si'),(28,312,'1','si'),(28,318,'5','si'),(28,337,'4','si'),(29,41,'2','si'),(29,65,'12','Si'),(29,66,'12','Si'),(29,69,'12','Si'),(29,81,'3','Si'),(29,86,'2','si'),(29,92,'',''),(29,100,'4','si'),(29,148,'5','si'),(29,152,'5','si'),(29,159,'1','si'),(29,164,'2','Si'),(29,172,'2','si'),(29,175,'2','si'),(29,178,'2','si'),(29,186,'1','Si'),(29,221,'5','si'),(29,225,'1','si'),(29,237,'4','si'),(29,314,'1','si'),(29,317,'5','si'),(29,337,'5','si'),(30,33,'4','no'),(30,37,'5','no'),(30,40,'4','si'),(30,50,'4','si'),(30,64,'14','Si'),(30,65,'14','Si'),(30,66,'14','Si'),(30,67,'14','Si'),(30,69,'14','Si'),(30,73,'4','Si'),(30,76,'1','Si'),(30,77,'2','Si'),(30,78,'5','Si'),(30,87,'2','si'),(30,150,'5','si'),(30,159,'1','si'),(30,164,'3','Si'),(30,165,'3','Si'),(30,171,'1','Si'),(30,172,'4','si'),(30,177,'4','si'),(30,186,'4','Si'),(30,190,'3','Si'),(30,196,'2','Si'),(30,202,'4','Si'),(30,208,'3','Si'),(30,212,'5','Si'),(30,215,'4','Si'),(30,218,'4','si'),(30,219,'2','si'),(30,221,'2','si'),(30,224,'4','si'),(30,313,'3','no'),(30,319,'1','no'),(30,338,'3','si'),(31,72,'2','Si'),(31,79,'4','Si'),(31,81,'1','Si'),(31,88,'2','si'),(31,160,'1','si'),(31,173,'5','si'),(31,176,'3','si'),(31,181,'2','si'),(31,338,'5','si'),(32,36,'4','no'),(32,40,'2','si'),(32,45,'1','si'),(32,89,'2','si'),(32,151,'5','si'),(32,160,'2','si'),(32,173,'4','si'),(32,178,'1','si'),(32,226,'5','si'),(32,315,'1','si'),(32,338,'1','si'),(33,160,'2','si'),(33,225,'5','si'),(33,315,'2','si'),(34,160,'2','si'),(34,220,'3','si'),(34,314,'1','si'),(34,317,'1','si'),(35,35,'2','si'),(35,44,'1','si'),(35,50,'5','si'),(35,73,'3','Si'),(35,80,'2','Si'),(35,90,'2','si'),(35,92,'',''),(35,152,'4','si'),(35,160,'2','si'),(35,165,'2','Si'),(35,171,'2','Si'),(35,190,'2','Si'),(35,218,'1','si'),(35,223,'3','si'),(35,238,'1','si'),(35,239,'1','si'),(35,314,'1','si'),(35,317,'1','si'),(35,338,'4','si'),(36,35,'4','si'),(36,36,'1','si'),(36,38,'3','si'),(36,45,'2','si'),(36,47,'5','si'),(36,49,'1','si'),(36,64,'12','Si'),(36,67,'12','Si'),(36,74,'1','Si'),(36,75,'4','Si'),(36,81,'4','Si'),(36,91,'2','si'),(36,133,'5','si'),(36,161,'2','si'),(36,165,'4','Si'),(36,176,'2','si'),(36,225,'2','si'),(36,226,'4','si'),(36,238,'7','si'),(36,239,'2','si'),(36,242,'5','si'),(36,243,'5','si'),(36,315,'1','si'),(36,338,'2','si'),(36,340,'5','si'),(37,46,'1','si'),(37,49,'2','si'),(37,75,'1','Si'),(37,78,'2','Si'),(37,161,'2','si'),(37,178,'4','si'),(37,222,'4','si'),(37,239,'3','si'),(37,242,'4','si'),(37,243,'4','si'),(37,316,'1','si'),(37,340,'3','si'),(38,39,'5','si'),(38,46,'2','si'),(38,72,'5','Si'),(38,161,'2','si'),(38,177,'1','si'),(38,179,'5','si'),(38,181,'1','si'),(38,225,'3','si'),(38,237,'3','si'),(38,239,'4','si'),(38,242,'3','si'),(38,243,'3','si'),(38,316,'1','si'),(38,340,'1','si'),(39,44,'2','si'),(39,48,'4','si'),(39,49,'4','si'),(39,51,'2','si'),(39,73,'2','Si'),(39,80,'5','Si'),(39,133,'2','si'),(39,148,'4','si'),(39,161,'1','si'),(39,186,'2','Si'),(39,202,'2','Si'),(39,208,'4','Si'),(39,218,'5','si'),(39,219,'1','si'),(39,238,'2','si'),(39,239,'5','si'),(39,242,'2','si'),(39,243,'2','si'),(39,314,'1','si'),(39,318,'1','si'),(39,340,'4','si'),(40,48,'3','si'),(40,75,'2','Si'),(40,79,'5','Si'),(40,81,'2','Si'),(40,133,'3','si'),(40,147,'5','si'),(40,161,'1','si'),(40,176,'1','si'),(40,179,'4','si'),(40,224,'3','si'),(40,237,'5','si'),(40,242,'1','si'),(40,243,'1','si'),(40,313,'1','no'),(40,319,'1','no'),(40,340,'2','si');
/*!40000 ALTER TABLE `articuloYProfesor` ENABLE KEYS */;
UNLOCK TABLES;

--
-- Table structure for table `carreras`
--

DROP TABLE IF EXISTS `carreras`;
/*!40101 SET @saved_cs_client     = @@character_set_client */;
/*!40101 SET character_set_client = utf8 */;
CREATE TABLE `carreras` (
  `idCarrera` bigint(20) NOT NULL AUTO_INCREMENT,
  `nombreCarrera` text COLLATE utf8_unicode_ci NOT NULL,
  `codigoCarrera` text COLLATE utf8_unicode_ci NOT NULL,
  `idInstituto` bigint(20) NOT NULL,
  `siglas` text COLLATE utf8_unicode_ci NOT NULL,
  PRIMARY KEY (`idCarrera`),
  KEY `institutoValido` (`idInstituto`),
  CONSTRAINT `institutoValido` FOREIGN KEY (`idInstituto`) REFERENCES `institutos` (`idInstituto`)
) ENGINE=InnoDB AUTO_INCREMENT=92 DEFAULT CHARSET=utf8 COLLATE=utf8_unicode_ci;
/*!40101 SET character_set_client = @saved_cs_client */;

--
-- Dumping data for table `carreras`
--

LOCK TABLES `carreras` WRITE;
/*!40000 ALTER TABLE `carreras` DISABLE KEYS */;
INSERT INTO `carreras` VALUES (2,'Ingeniería en Computación','002',2,'IC'),(3,'Ingeniería en Diseño','003',3,'ID'),(4,'Ingeniería en Electrónica','001',1,'IE'),(5,'Licenciatura en Ciencias Empresariales','005',5,'LCE'),(6,'Ingeniería en Alimentos','008',8,'IA'),(7,'Licenciatura en Matemáticas Aplicadas','004',4,'LMA'),(11,'Ingeniería Industrial','013',13,'II'),(12,'Estudios de Nuevos Materiales','011',11,'ENM'),(14,'Ingeniería en Mecatrónica','001',1,'IM'),(17,'Ingeniería en Física Aplicada','004',4,'IFA'),(31,'Ingeniería Mecánica Automotriz','013',13,'IMA'),(32,'Ingenieri­a Civil','003',3,'ICV'),(50,'Maestría en Diseño de Modas','100',100,'MDMO'),(51,'Maestría en Diseño de Muebles','100',100,'MDMU'),(52,'Maestría en Medios Interactivos','100',100,'MMI'),(53,'Maestría en Ciencias de Materiales','100',100,'MCM'),(54,'Maestría en Modelación Matemática','100',100,'MMM'),(55,'Maestría en Robótica','100',100,'MR'),(56,'Maestría en Administración de Negocios','100',100,'MAN'),(57,'Maestría en Tecnología Avanzada de Manufactura','100',100,'MTAM'),(58,'Maestría en Tecnologías de Cómputo Aplicado','100',100,'MTCA'),(59,'Maestría en Ciencias: Productos Naturales y Alimentos','100',100,'MCPNA'),(60,'Maestría en Electrónica Opción: Sistemas Inteligentes Aplicados','100',100,'MESIA'),(61,'Doctorado en Robótica','100',100,'DR'),(62,'Doctorado en Tecnologías de Cómputo Aplicado','100',100,'DTCA'),(63,'Doctorado en Modelación Matemática','100',100,'DMM'),(64,'Doctorado en Electrónica, Opción: Sistemas Inteligentes Aplicados','100',100,'DESIA'),(90,'Licenciatura en Estudios Mexicanos','100',100,'LEM'),(91,'Maestría en Sistemas Distribuidos','100',100,'MSD');
/*!40000 ALTER TABLE `carreras` ENABLE KEYS */;
UNLOCK TABLES;

--
-- Table structure for table `institutos`
--

DROP TABLE IF EXISTS `institutos`;
/*!40101 SET @saved_cs_client     = @@character_set_client */;
/*!40101 SET character_set_client = utf8 */;
CREATE TABLE `institutos` (
  `idInstituto` bigint(20) NOT NULL AUTO_INCREMENT,
  `nombreInstituto` text COLLATE utf8_unicode_ci NOT NULL,
  `codigoInstituto` text COLLATE utf8_unicode_ci NOT NULL,
  PRIMARY KEY (`idInstituto`)
) ENGINE=InnoDB AUTO_INCREMENT=101 DEFAULT CHARSET=utf8 COLLATE=utf8_unicode_ci;
/*!40101 SET character_set_client = @saved_cs_client */;

--
-- Dumping data for table `institutos`
--

LOCK TABLES `institutos` WRITE;
/*!40000 ALTER TABLE `institutos` DISABLE KEYS */;
INSERT INTO `institutos` VALUES (0,'vice-rectoria académica','000'),(1,'Instituto de electrónica y mecatrónica','001'),(2,'Instituto de computación','002'),(3,'Instituto de diseño','003'),(4,'Instituto de física y matemáticas','004'),(5,'Instituto de ciencias sociales y humanidades','005'),(8,'Instituto de agroindustrias','008'),(9,'Instituto de hidrología','009'),(10,'Instituto de minería','010'),(11,'Centro de Estudios de Nuevos Materiales','011'),(12,'Centro de Idiomas','012'),(13,'Instituto de Ingeniería Industrial y Automotriz','013'),(100,'Posgrado','100');
/*!40000 ALTER TABLE `institutos` ENABLE KEYS */;
UNLOCK TABLES;

--
-- Table structure for table `materia`
--

DROP TABLE IF EXISTS `materia`;
/*!40101 SET @saved_cs_client     = @@character_set_client */;
/*!40101 SET character_set_client = utf8 */;
CREATE TABLE `materia` (
  `idMateria` bigint(20) NOT NULL AUTO_INCREMENT,
  `idPlan` bigint(20) NOT NULL,
  `semestre` int(11) NOT NULL,
  `nombreMateria` text COLLATE utf8_unicode_ci NOT NULL,
  PRIMARY KEY (`idMateria`)
) ENGINE=InnoDB DEFAULT CHARSET=utf8 COLLATE=utf8_unicode_ci;
/*!40101 SET character_set_client = @saved_cs_client */;

--
-- Dumping data for table `materia`
--

LOCK TABLES `materia` WRITE;
/*!40000 ALTER TABLE `materia` DISABLE KEYS */;
/*!40000 ALTER TABLE `materia` ENABLE KEYS */;
UNLOCK TABLES;

--
-- Table structure for table `periodo`
--

DROP TABLE IF EXISTS `periodo`;
/*!40101 SET @saved_cs_client     = @@character_set_client */;
/*!40101 SET character_set_client = utf8 */;
CREATE TABLE `periodo` (
  `idPeriodo` bigint(20) NOT NULL AUTO_INCREMENT,
  `nombrePeriodo` text COLLATE utf8_unicode_ci NOT NULL,
  `inicio` text COLLATE utf8_unicode_ci NOT NULL,
  `fin` text COLLATE utf8_unicode_ci NOT NULL,
  `actual` tinyint(1) NOT NULL,
  `Avance1` text COLLATE utf8_unicode_ci NOT NULL,
  `Avance2` text COLLATE utf8_unicode_ci NOT NULL,
  `Avance3` text COLLATE utf8_unicode_ci NOT NULL,
  `AvanceFinal` text COLLATE utf8_unicode_ci NOT NULL,
  PRIMARY KEY (`idPeriodo`)
) ENGINE=InnoDB DEFAULT CHARSET=utf8 COLLATE=utf8_unicode_ci;
/*!40101 SET character_set_client = @saved_cs_client */;

--
-- Dumping data for table `periodo`
--

LOCK TABLES `periodo` WRITE;
/*!40000 ALTER TABLE `periodo` DISABLE KEYS */;
/*!40000 ALTER TABLE `periodo` ENABLE KEYS */;
UNLOCK TABLES;

--
-- Table structure for table `plan`
--

DROP TABLE IF EXISTS `plan`;
/*!40101 SET @saved_cs_client     = @@character_set_client */;
/*!40101 SET character_set_client = utf8 */;
CREATE TABLE `plan` (
  `idPlan` bigint(20) NOT NULL AUTO_INCREMENT,
  `idCarrera` bigint(20) NOT NULL,
  `nombrePlan` text COLLATE utf8_unicode_ci NOT NULL,
  PRIMARY KEY (`idPlan`)
) ENGINE=InnoDB DEFAULT CHARSET=utf8 COLLATE=utf8_unicode_ci;
/*!40101 SET character_set_client = @saved_cs_client */;

--
-- Dumping data for table `plan`
--

LOCK TABLES `plan` WRITE;
/*!40000 ALTER TABLE `plan` DISABLE KEYS */;
/*!40000 ALTER TABLE `plan` ENABLE KEYS */;
UNLOCK TABLES;

--
-- Table structure for table `profesorYMateria`
--

DROP TABLE IF EXISTS `profesorYMateria`;
/*!40101 SET @saved_cs_client     = @@character_set_client */;
/*!40101 SET character_set_client = utf8 */;
CREATE TABLE `profesorYMateria` (
  `idProfesorYMateria` bigint(20) NOT NULL AUTO_INCREMENT,
  `idProfesor` bigint(20) NOT NULL,
  `idMateria` bigint(20) NOT NULL,
  `grupo` text COLLATE utf8_unicode_ci NOT NULL,
  `anyo` int(11) NOT NULL,
  `idPeriodo` bigint(20) NOT NULL,
  PRIMARY KEY (`idProfesorYMateria`)
) ENGINE=InnoDB DEFAULT CHARSET=utf8 COLLATE=utf8_unicode_ci;
/*!40101 SET character_set_client = @saved_cs_client */;

--
-- Dumping data for table `profesorYMateria`
--

LOCK TABLES `profesorYMateria` WRITE;
/*!40000 ALTER TABLE `profesorYMateria` DISABLE KEYS */;
/*!40000 ALTER TABLE `profesorYMateria` ENABLE KEYS */;
UNLOCK TABLES;

--
-- Table structure for table `profesores`
--

DROP TABLE IF EXISTS `profesores`;
/*!40101 SET @saved_cs_client     = @@character_set_client */;
/*!40101 SET character_set_client = utf8 */;
CREATE TABLE `profesores` (
  `idProfesor` bigint(20) NOT NULL AUTO_INCREMENT,
  `nombresP` text COLLATE utf8_unicode_ci NOT NULL,
  `apellidoP` text COLLATE utf8_unicode_ci NOT NULL,
  `apellidoM` text COLLATE utf8_unicode_ci NOT NULL,
  `correoProfesor` text COLLATE utf8_unicode_ci NOT NULL,
  `password` text COLLATE utf8_unicode_ci NOT NULL,
  `nivel` int(11) NOT NULL,
  `idCarrera` bigint(20) NOT NULL,
  `grado` text COLLATE utf8_unicode_ci NOT NULL,
  `idTipoProfesor` int(11) NOT NULL,
  `nombreApa` text COLLATE utf8_unicode_ci NOT NULL,
  `idInstituto` bigint(20) NOT NULL,
  PRIMARY KEY (`idProfesor`),
  KEY `TipoPValido` (`idTipoProfesor`),
  KEY `instValido` (`idInstituto`),
  CONSTRAINT `TipoPValido` FOREIGN KEY (`idTipoProfesor`) REFERENCES `tipoProfesor` (`idTipoProfesor`),
  CONSTRAINT `instValido` FOREIGN KEY (`idInstituto`) REFERENCES `institutos` (`idInstituto`)
) ENGINE=InnoDB AUTO_INCREMENT=42 DEFAULT CHARSET=utf8 COLLATE=utf8_unicode_ci;
/*!40101 SET character_set_client = @saved_cs_client */;

--
-- Dumping data for table `profesores`
--

LOCK TABLES `profesores` WRITE;
/*!40000 ALTER TABLE `profesores` DISABLE KEYS */;
INSERT INTO `profesores` VALUES (1,'Juan','Cruz','Lopez','prueba00@gmail.com','$2a$10$/c6dUrmqpJ3sfOkP.1cNs.FXfcRYTvAJohnVPR6wqrBiuWekWx9q2',1,3,'Licenciatura',3,'',0),(2,'Carlos','Cruz','Lopez','prueba0@gmail.com','$2a$10$I9b3gs6//2p15e5NkI3bKeq8OgMny5ZbgzuVmw0qrbK.Abrxb5FBy',1,3,'Licenciatura',3,'',0),(3,'David','Cruz','Lopez','prueba1@gmail.com','$2a$10$ZvAhNicBT8OAUPFVFK.AD.1iQKKkk3XBypl9yoogvuIsenefO3m5C',1,3,'Licenciatura',3,'',0),(4,'Pedro','Lopez','Lopez','pedro@gmail.com','$2a$10$EjHMlfDT.1pEXoILt85EsuMPjEKeclMLDRaO8dVH0f3DoHQnMzGQq',1,3,'Licenciatura',3,'',0),(5,'Alonso','Pérez','Hernández','alonso@gmail.com','$2a$10$67zDtNUdGVv60eFPbAGVyOO7BbsGrEWbKmNZdHCwkzE4.DZDRxUam',2,1,'Maestria',1,'Alonso',1),(6,'Eduardo','Gonzalez','Pacheco','eduardo@gmail.com','$2a$10$aY5jJ74oArAi0/USXwnT0.VySvNOEq6finzdOA6SpMSJG0eNHDnEi',1,2,'Licenciatura',1,'Ed',2),(7,'Pancho','Lopez','Pérez','pancholp@gmail.com','$2a$10$aY5jJ74oArAi0/USXwnT0.VySvNOEq6finzdOA6SpMSJG0eNHDnEi',1,3,'Maestría',1,'asda',2),(8,'Modesto','Seara','Vazquez','modestito@gmail.com','$2a$10$F.a3HrOonjiEO.lyHmv7Ie8i2GD0t3BSVvizb301HTmtDyQWiVhdS',1,3,'Doctorado',3,'fasf',2),(9,'Victor','Manuel','Cruz','victorM@gmail.com','$2a$10$JoiDMF59BplxmbYDy8nP1ukmTQtFdyMrMRikMP1/5MJLHkdBG8XdG',3,3,'Doctorado',4,'vic',1),(10,'Pancho','Perez ','Pinal','pancho@gmail.com','$2a$10$uFOqmjQyo838n1Ytm.5NZeDZX1gnqZIEukS1pBx9CORWS.gFgwdba',1,2,'Maestro',4,'o',11),(11,'Rugalberto','Zapatin ','Andrade','rugalberto@gmail.com','$2a$10$uFOqmjQyo838n1Ytm.5NZeDZX1gnqZIEukS1pBx9CORWS.gFgwdba',3,3,'Maestro',3,'b',10),(12,'Erik','Nunez ','Bello','eriknb@gmail.com','$2a$10$O7Gs6ryFudyuA.gJNOsNXO/ZL.bkZeUx2.GNcTB7G1rR5zDS3USyS',1,1,'Maestro',1,'a',13),(13,'Virgilio','Ayala','Ruiz','virgilioar@gmail.com','$2a$10$ZTLlK1T9bPiLUQCwNFRoUefsrpmiCGbntMopCKbD1pw1I2WDwrJFW',0,2,'Doctorado',4,'preuba',5),(14,'Juan','Barajas','Fuentes','juanbf@gmail.com','$2a$10$yZGfGO.6CURvnaE.DuUI8.7q.XDyVwP5NuhDk/YuGo4CC44NjFaQO',0,0,'Licenciatura',2,'Prueba21221',8),(15,'Arturo','Palestino','Hernandez','arturoph@gmail.com','$2a$10$6Kw2YFvStvfdb4XsBCVwXOrnkQm7dsxkRIm.pKu.HR.GmZASqrMui',0,2,'Doctorado',4,'preuba33',3),(16,'Anselmo','Garcia','Gonzalez','anselmo@gmail.com','$2a$10$qI78SlOsyDT3urLm6GSND.2Y18ooNNM6URwAah9/xj5dczkHZ80.y',0,0,'Licenciatura',4,'',1),(17,'Alfredo ','Bautista ','Encina ','Alfredo123@gmail.com ','$2a$10$VB6xBdABJx3lIzdz47XEoupAI1QQJaYZ6AQXHkZPYle9covRIpSvy',1,1,'Licenciatura',1,'ABautista',1),(18,'Manuel','Bautista','Mejía','Manuel123@gmail.com','$2a$10$ooJZXaY9HafJsGYWa9e1jOdO5SiFd8onx94WgiJWR43yJzMe8IFjW',1,3,'Licenciatura',2,'MBautista',2),(19,'Alejandro','Bautista','Vázquez','Alejandro123@gmail.com','$2a$10$IstdbmidQGKww94jPpSdBu3Rnk0C2MzRnNGgYVlJEu0DYPoH4k7dS',1,4,'Licenciatura',3,'ABaustista',3),(20,'Juan Miguel ','Jesus','Benítez','Juan123@gmail.com','$2a$10$UCyvos5f8bFHz4FR6Wow5eqxUJablkMf/hKDhCrQesjJ68zDxei8O',2,5,'Maestria',4,'JMiguel	',4),(21,'Gregorio','Bermúdez','Manrique','Gregorio123@gmail.com','$2a$10$jtZbyt4KCGBgymBIxGw0gupnvGWWyztr9DLtxuf59SZyWeA85Lj2C',2,6,'Maestria',1,'GBermudez',5),(22,'Jose Antonio','Bermudez','Manrique','jose123@gmail.com','$2a$10$wil9d7xXE2S1fUmEGFhKQO6Z4LYnGGwbMhYzEzq6NKc2qVQQiuqmC',2,7,'Maestria',1,'JBermudez',8),(23,'Salvador','Antonio','Bernal','Salvador123@gmail.com','$2a$10$0tylx7F.P4zOEJbI54Jq9eZHMlPBcx.esWv7rlL7w9oM7wo7yrw3K',3,11,'Doctorado',2,'SAntonio',9),(24,'Betancourt','Vazquez','Miguel','Betancourt123@gmail.com','$2a$10$ZgHvAhqc9qntkOkMAB6youwuX9OsfY.MtqXPUzKjcbdyEatZmRZNq',3,12,'Doctorado',3,'BVazquez',10),(25,'Adan','Razo','Ruiz','Adan123@gmail.com','$2a$10$tbD20F5crFdWZgPnRSDCbuM1czSzTGXfrwOgKojRVsmRx13nMF0wq',3,14,'Doctorado',4,'ARazo',1),(26,'Armando','Arreola','Arreola','Armando123@gmail.com','$2a$10$45Xpy.FUXAcTeLvOPOtsHO1j0Go7TwU.ytbYGsPhqhJ0sMnul9IOu',1,17,'Licenciatura',4,'AArreola',12),(27,'Joel','Sanchez','Sanchez','nomojodude@24hinbox.com','$2a$10$s8nxtYEgroDToLxoV/tRkOAE4HlBeyyJQXgNkcMRnYJcHHfmpeI8a',1,2,'Licenciatura',3,'Joel',3),(28,'Brandon','Lopez','Lopez','brlopez@utm.com','$2a$10$vpkHVpbD2AAmCC7uREw3QuKCqtDFyek7DqhygnMdGwl4W5rytW8oq',2,2,'Licenciatura',2,'bran',2),(29,'Alain ','Torres','Ramos','Ramos@utm.com','$2a$10$VZcoC.wwgwfy5Dr2aWR73OFSOD3e3.lew2PLmZEnGyF0Og.IslQ5m',2,0,'Licenciatura',1,'Ramos',2),(30,'Hazel Aladdin','Juarez','Fuentes','jjf@gmail.com','jjf',1,3,'Doctorado',3,'JJF',2),(31,'José Antonio','Juarez','Antonio','joseAF@gmail.com','$2a$10$kmVLNb2lW704Rlo1dvHqnubzkpdwDjcGzfZ6bbO5BdLWQQcPDeYEO',1,32,'Doctor',2,'José A. Juarez A.',13),(32,'Juan Andres','Jacome','Fuentes','juanAndre@gmail.com','$2a$10$6oRA8/Kl2o1UEgJnLVD1BOSumKOtse1CREVRXMVX7pw0xCQjI3kSK',3,3,'Profesor',1,'Juan A. Jacome J.',3),(33,'Juliana Alma ','Rosas','Sanchez','julianaRose@gmail.com','$2a$10$dFVj3VUKr2UeNVu7D3rALeWKRQCvQlGFdi/Q/4bBfPXf4Kj1UHGVa',1,55,'Doctor',4,'Juliana A. Rosas S.',5),(34,'Alfonso','Cruz','Castillo','alfonsocr@gmail.com','$2a$10$TDslraqo5cjH135ZcPdBue60ejuuQK3OrvJdenwkBHD2LcYuUG/Te',1,55,'Profesor',1,'Alfonso Cruz C',1),(35,'Adrian Jesús','Alvares','Santiago','adrianJ@gmail.com','$2a$10$VmBRcNuJkrUb/ZAdchOXKuhNZHxQN.wyDx75ZOKRJV2c69UWDq0ja',2,2,'Profesor',1,'Adrian J. Alvares S.',2),(36,'Leon','Cruz','Martinez','leon@gmail.com','$2a$10$Pub5PmfWPRmHxZyt5bmhs.G6.EFnfjUzt4biaOFQ3N3sGLevKOSVy',3,4,'Doctor',3,'Leon Cruz M.',1),(37,'Pablo','Escobar','Carrillo','pablocarri@gmail.com','$2a$10$C4dUHlgzlC.vby6sex8c/uSQCUHMsaUFyksA3H9nCWwSSdmYVIOKK',1,7,'profesor',1,'Pablo Escobar C.',4),(38,'Paco','Reyes','Santos','pacoreyes@gmail.com','$2a$10$CmQO4.wFaY08Hx/fEuKSq.iL6/B4hMDbw7L0y0OxnDA.GDCoyI0pe',1,31,'Doctor',4,'Paco Reyes S.',13),(39,'Alexis','Zarate','Santos','alexis@gmail.com','$2a$10$BQAG4B/bACHc3FRU5BM2SO2oJuqwWqMbSitIedEZJeE36U41cVseC',3,11,'Profesor',1,'Alexis Zarate S.',13),(40,'Jaime','Lopez','Cruz','jaime@gmail.com','$2a$10$FRDa7e9xqkwovBv1LdiEA.tBNxt3CVk7GHlGn.0XSJt.edWKK4oX6',1,50,'Doctor',1,'Jaime',5),(41,'Raul','Ruvalcaba','Barajas','corvohyatt@gmail.com','$2a$10$l3YTnxMTtFQvls1dZcZoy.ByfSqHeBfWBD.ZLY8b/0TuYI.gVI2ee',1,2,'Doctor',4,'Ruvalcaba B. Raul',2);
/*!40000 ALTER TABLE `profesores` ENABLE KEYS */;
UNLOCK TABLES;

--
-- Table structure for table `tipoProfesor`
--

DROP TABLE IF EXISTS `tipoProfesor`;
/*!40101 SET @saved_cs_client     = @@character_set_client */;
/*!40101 SET character_set_client = utf8 */;
CREATE TABLE `tipoProfesor` (
  `idTipoProfesor` int(11) NOT NULL AUTO_INCREMENT,
  `nombreTipo` text COLLATE utf8_unicode_ci NOT NULL,
  PRIMARY KEY (`idTipoProfesor`)
) ENGINE=InnoDB AUTO_INCREMENT=5 DEFAULT CHARSET=utf8 COLLATE=utf8_unicode_ci;
/*!40101 SET character_set_client = @saved_cs_client */;

--
-- Dumping data for table `tipoProfesor`
--

LOCK TABLES `tipoProfesor` WRITE;
/*!40000 ALTER TABLE `tipoProfesor` DISABLE KEYS */;
INSERT INTO `tipoProfesor` VALUES (1,'Profesor-Investigador'),(2,'Catedra-Conacyt'),(3,'Posdoctorante-Conacyt'),(4,'Posdoctorante-PRODED');
/*!40000 ALTER TABLE `tipoProfesor` ENABLE KEYS */;
UNLOCK TABLES;
/*!40103 SET TIME_ZONE=@OLD_TIME_ZONE */;

/*!40101 SET SQL_MODE=@OLD_SQL_MODE */;
/*!40014 SET FOREIGN_KEY_CHECKS=@OLD_FOREIGN_KEY_CHECKS */;
/*!40014 SET UNIQUE_CHECKS=@OLD_UNIQUE_CHECKS */;
/*!40101 SET CHARACTER_SET_CLIENT=@OLD_CHARACTER_SET_CLIENT */;
/*!40101 SET CHARACTER_SET_RESULTS=@OLD_CHARACTER_SET_RESULTS */;
/*!40101 SET COLLATION_CONNECTION=@OLD_COLLATION_CONNECTION */;
/*!40111 SET SQL_NOTES=@OLD_SQL_NOTES */;

-- Dump completed on 2022-04-08 10:28:20
